Format: Draw Number, Draw Date (yyyymmdd), Winning Number 1, 2, 3, 4, 5, 6, 7, Supplementary 1, 2, Division 1, 2, 3, 4, 5, 6, 7
"609","20051018","39","9","12","30","33","45","5","7","19","$0.00","$15,781.85","$5,130.30","$242.20","$43.45","$21.30","$11.85"
"610","20051025","42","7","36","23","39","29","16","19","43","$3,000,000.00","$49,962.85","$2,857.35","$247.20","$41.80","$20.55","$12.15"
"611","20051101","24","34","17","3","11","1","43","39","4","$0.00","$39,165.40","$2,780.50","$264.15","$39.00","$20.65","$13.40"
"612","20051108","22","33","18","12","45","43","28","23","13","$0.00","$48,014.45","$2,411.05","$371.10","$36.00","$20.45","$12.60"
"613","20051115","13","17","30","7","32","41","10","20","14","$4,000,000.00","$16,233.50","$3,580.90","$272.85","$42.00","$20.80","$12.80"
"614","20051122","45","23","5","4","33","1","29","39","40","$0.00","$20,777.50","$3,888.85","$295.30","$40.25","$20.20","$13.85"
"615","20051129","39","35","31","4","26","23","41","11","13","$0.00","$44,307.25","$6,515.75","$271.20","$51.70","$24.20","$12.75"
"616","20051206","41","26","28","33","3","6","32","40","1","$4,000,000.00","$23,991.70","$3,186.75","$348.00","$47.40","$24.70","$15.00"
"617","20051213","15","41","17","10","4","26","30","9","29","$0.00","$19,511.65","$5,356.15","$313.00","$43.15","$21.65","$13.25"
"618","20051220","14","29","9","23","18","19","5","8","37","$0.00","$0.00","$3,002.05","$208.85","$25.20","$15.90","$11.15"
"619","20051227","35","12","17","2","40","31","39","33","13","$0.00","$0.00","$8,552.70","$438.60","$51.00","$24.15","$14.40"
"620","20060103","12","44","1","40","29","6","22","34","4","$0.00","$20,789.60","$4,142.15","$258.95","$41.15","$20.85","$13.25"
"621","20060110","41","26","36","4","2","38","11","19","20","$0.00","$0.00","$5,205.70","$296.20","$45.05","$21.85","$12.55"
"622","20060117","27","16","28","44","25","37","23","19","22","$0.00","$55,884.50","$3,287.30","$320.70","$40.65","$20.80","$12.80"
"623","20060124","22","23","3","20","37","8","41","21","28","$13,000,000.00","$26,769.15","$3,402.05","$331.10","$42.35","$21.25","$13.15"
"624","20060131","20","14","17","8","3","21","2","38","7","$1,032,252.97","$21,940.70","$6,022.95","$261.05","$39.25","$19.05","$11.40"
"625","20060207","5","32","26","4","30","23","28","11","21","$0.00","$20,817.35","$4,762.15","$254.80","$47.60","$20.70","$11.80"
"626","20060214","13","5","1","21","11","3","35","37","44","$0.00","$22,417.35","$1,513.25","$211.00","$20.65","$15.30","$12.40"
"627","20060221","17","33","6","41","27","45","25","1","9","$0.00","$23,599.90","$4,627.45","$139.60","$46.80","$21.70","$13.35"
"628","20060228","21","25","34","2","18","3","5","17","32","$7,000,000.00","$0.00","$6,444.20","$333.45","$40.05","$20.85","$14.00"
"629","20060307","43","9","1","8","45","20","7","24","30","$0.00","$38,561.95","$2,646.40","$279.65","$33.15","$18.55","$12.50"
"630","20060314","45","14","4","33","19","20","3","12","34","$0.00","$22,596.85","$3,001.50","$365.30","$41.65","$21.10","$13.25"
"631","20060321","22","23","27","13","39","21","32","35","10","$0.00","$48,553.55","$3,570.10","$321.30","$39.95","$19.90","$12.90"
"632","20060328","25","15","4","6","20","28","23","8","1","$0.00","$14,222.50","$2,788.70","$236.20","$36.80","$18.85","$11.75"
"633","20060404","20","38","27","32","19","45","22","39","15","$0.00","$66,666.70","$8,073.80","$362.00","$44.10","$22.00","$13.85"
"634","20060411","1","10","6","19","9","29","8","3","14","$0.00","$6,317.30","$1,524.15","$147.75","$26.35","$16.30","$11.20"
"635","20060418","4","25","10","16","19","22","8","15","20","$0.00","$59,738.60","$3,279.75","$269.15","$33.30","$18.65","$12.35"
"636","20060425","1","9","33","2","24","26","5","13","40","$15,000,000.00","$42,257.65","$4,660.75","$285.00","$42.55","$20.70","$13.00"
"637","20060502","44","30","13","41","25","31","24","19","35","$0.00","$0.00","$6,915.30","$441.55","$51.55","$24.80","$14.10"
"638","20060509","44","35","37","26","12","39","4","41","6","$0.00","$43,288.40","$8,102.10","$424.40","$45.70","$22.40","$15.15"
"639","20060516","3","12","17","23","15","9","29","19","22","$0.00","$52,839.80","$2,472.45","$196.30","$30.90","$17.30","$10.70"
"640","20060523","23","34","27","17","40","32","2","3","25","$0.00","$30,024.00","$5,887.05","$316.30","$43.55","$22.25","$14.00"
"641","20060530","43","24","33","26","2","1","20","29","30","$0.00","$65,593.10","$5,871.50","$459.95","$48.95","$23.80","$13.95"
"642","20060606","16","23","35","26","29","33","20","7","11","$0.00","$47,424.65","$3,985.25","$297.15","$41.40","$21.45","$12.85"
"643","20060613","11","3","17","28","14","12","40","8","1","$0.00","$29,425.70","$4,945.50","$294.65","$42.10","$20.35","$12.25"
"644","20060620","40","19","25","2","11","43","13","1","4","$0.00","$137,966.55","$3,264.95","$350.30","$41.50","$20.45","$12.75"
"645","20060627","29","22","32","43","8","16","26","27","7","$0.00","$31,988.25","$3,727.80","$335.35","$40.10","$20.30","$12.75"
"646","20060704","13","35","16","44","37","23","27","17","8","$25,000,000.00","$31,116.95","$3,687.15","$270.35","$39.25","$20.55","$12.90"
"647","20060711","43","2","36","8","42","10","28","40","13","$0.00","$0.00","$6,552.90","$295.30","$44.15","$22.00","$13.10"
"648","20060718","16","2","36","45","3","34","42","37","38","$0.00","$48,865.35","$4,024.20","$398.00","$57.85","$25.60","$15.95"
"649","20060725","33","37","27","16","13","45","5","41","18","$0.00","$51,886.30","$4,451.05","$300.20","$35.80","$19.30","$13.55"
"650","20060801","8","38","42","34","12","44","26","40","37","$0.00","$30,656.85","$4,072.05","$354.75","$42.70","$22.25","$14.50"
"651","20060808","27","4","24","35","20","31","29","16","25","$0.00","$38,088.15","$2,658.20","$245.90","$37.55","$20.65","$13.35"
"652","20060815","12","17","41","16","25","40","38","30","13","$0.00","$111,179.00","$5,086.60","$369.00","$45.40","$23.35","$14.30"
"653","20060822","39","41","44","17","19","22","43","23","29","$0.00","$28,206.20","$2,440.00","$283.35","$42.30","$21.30","$13.15"
"654","20060829","39","42","38","11","43","14","15","40","44","$16,465,447.72","$81,162.05","$4,397.30","$343.75","$47.65","$22.40","$13.90"
"655","20060905","20","17","22","23","15","45","39","12","8","$0.00","$52,340.65","$5,131.45","$346.35","$47.25","$22.55","$13.25"
"656","20060912","2","6","30","9","28","37","32","12","10","$0.00","$53,561.75","$6,126.35","$287.90","$45.95","$22.30","$12.40"
"657","20060919","5","34","2","21","43","3","15","17","11","$0.00","$0.00","$6,861.00","$341.10","$42.65","$21.60","$12.40"
"658","20060926","36","3","33","6","38","44","37","15","41","$0.00","$78,404.25","$5,380.70","$356.30","$44.90","$21.95","$14.70"
"659","20061003","18","43","24","33","34","23","8","32","25","$10,000,000.00","$50,657.75","$2,575.20","$324.10","$41.05","$21.50","$13.80"
"660","20061010","25","17","21","38","8","31","2","12","3","$0.00","$49,052.60","$2,970.30","$290.15","$43.00","$21.50","$12.55"
"661","20061017","32","11","45","22","42","33","37","24","41","$0.00","$56,348.35","$2,367.60","$327.80","$39.85","$21.60","$14.65"
"662","20061024","3","31","14","41","32","9","5","16","43","$0.00","$30,992.00","$3,987.95","$333.15","$46.45","$22.95","$15.00"
"663","20061031","33","6","25","3","37","43","21","4","29","$0.00","$70,225.00","$2,950.65","$368.10","$37.00","$20.50","$14.00"
"664","20061107","9","6","30","38","16","7","31","44","34","$0.00","$22,444.40","$3,696.70","$377.20","$47.05","$21.90","$14.40"
"665","20061114","36","18","4","2","43","29","9","20","1","$13,000,000.00","$10,055.25","$2,922.65","$274.15","$40.60","$20.85","$13.20"
"666","20061121","11","12","39","24","29","6","36","35","20","$0.00","$0.00","$7,940.50","$345.85","$38.95","$19.65","$13.30"
"667","20061128","14","41","7","16","23","8","24","21","26","$0.00","$18,679.05","$2,262.15","$335.20","$39.00","$21.10","$12.95"
"668","20061205","39","6","34","4","13","23","32","22","15","$0.00","$65,275.95","$3,733.10","$411.40","$41.95","$21.85","$14.05"
"669","20061212","18","37","10","27","6","20","33","25","17","$0.00","$24,836.50","$3,933.40","$294.35","$39.65","$20.80","$13.20"
"670","20061219","38","24","10","19","7","12","27","18","26","$0.00","$46,136.40","$2,209.00","$250.50","$33.15","$18.30","$12.35"
"671","20061226","32","35","36","17","27","39","23","44","41","$0.00","$17,534.80","$3,800.10","$347.05","$39.75","$20.90","$14.05"
"672","20070102","35","24","42","45","13","31","26","5","32","$15,000,000.00","$19,610.50","$4,037.45","$337.65","$43.50","$22.45","$14.05"
"673","20070109","22","2","29","20","33","44","16","13","8","$0.00","$23,412.40","$3,213.45","$266.55","$41.90","$21.65","$12.55"
"674","20070116","32","40","2","34","26","1","21","35","30","$0.00","$18,390.20","$5,163.05","$384.30","$48.60","$23.85","$15.15"
"675","20070123","23","18","28","29","19","38","8","27","24","$3,000,000.00","$16,403.15","$1,080.70","$237.10","$26.20","$17.15","$12.00"
"676","20070130","25","2","1","18","37","6","19","26","45","$0.00","$0.00","$4,750.05","$298.95","$40.35","$20.50","$13.35"
"677","20070206","14","40","43","3","28","36","19","27","12","$0.00","$0.00","$3,929.05","$360.00","$40.50","$20.90","$12.40"
"678","20070213","18","19","39","29","37","28","33","4","32","$0.00","$24,738.25","$2,829.55","$306.35","$32.25","$19.50","$13.35"
"679","20070220","6","22","9","38","3","44","11","18","30","$0.00","$27,791.70","$2,661.30","$254.80","$34.80","$19.00","$12.65"
"680","20070227","38","43","5","26","3","25","27","42","45","$0.00","$32,933.35","$3,665.10","$405.45","$41.45","$21.50","$14.40"
"681","20070306","35","17","39","1","33","4","2","45","6","$0.00","$102,825.70","$4,234.00","$325.00","$46.25","$22.95","$13.50"
"682","20070313","10","40","13","41","32","39","3","27","12","$0.00","$25,945.10","$4,307.75","$329.40","$44.50","$22.00","$13.45"
"683","20070320","37","17","24","30","14","34","10","26","40","$15,000,000.00","$33,936.90","$3,629.60","$290.95","$42.25","$22.15","$13.85"
"684","20070327","31","7","38","13","4","25","43","35","40","$1,089,996.31","$15,463.85","$2,221.20","$294.15","$34.95","$19.45","$13.70"
"685","20070403","26","44","4","12","35","33","31","1","14","$0.00","$43,089.90","$3,285.70","$328.25","$42.20","$22.60","$14.65"
"686","20070410","39","25","17","4","5","34","43","22","23","$2,078,989.51","$0.00","$4,463.70","$323.65","$47.25","$23.25","$13.35"
"687","20070417","5","45","40","42","7","4","17","2","29","$0.00","$22,088.90","$3,954.55","$290.55","$45.80","$20.85","$12.10"
"688","20070424","20","2","1","44","18","33","13","31","29","$0.00","$0.00","$5,509.55","$277.00","$44.25","$22.00","$13.05"
"689","20070501","23","45","20","27","32","41","8","21","28","$0.00","$12,496.80","$3,548.80","$326.70","$42.65","$21.60","$13.55"
"690","20070508","24","11","28","9","34","33","22","19","20","$0.00","$18,251.25","$3,636.40","$310.00","$42.40","$20.60","$12.70"
"691","20070515","41","14","32","23","31","6","1","21","38","$0.00","$21,933.95","$5,890.20","$355.45","$48.30","$23.75","$14.70"
"692","20070522","20","7","8","5","32","15","41","42","36","$0.00","$27,829.60","$3,906.55","$325.00","$42.80","$20.70","$13.95"
"693","20070529","37","44","15","6","16","14","35","4","26","$0.00","$34,569.70","$5,207.80","$324.90","$47.95","$23.60","$13.75"
"694","20070605","11","6","25","39","44","14","34","15","13","$0.00","$43,287.85","$4,456.10","$326.60","$43.70","$21.80","$13.85"
"695","20070612","36","2","25","3","26","1","35","37","8","$0.00","$42,498.30","$4,117.50","$304.55","$43.40","$22.65","$13.60"
"696","20070619","17","8","43","45","25","12","1","27","6","$25,000,000.00","$37,465.25","$4,095.65","$296.40","$41.40","$20.85","$12.85"
"697","20070626","10","34","40","30","35","43","27","44","25","$0.00","$52,053.70","$3,062.00","$334.05","$45.25","$21.60","$13.95"
"698","20070703","41","42","26","20","12","40","15","3","5","$0.00","$11,362.50","$3,773.15","$290.60","$50.65","$24.15","$13.95"
"699","20070710","45","32","3","24","15","29","37","27","9","$0.00","$15,950.15","$4,237.25","$320.15","$45.70","$23.40","$13.30"
"700","20070717","16","29","37","13","41","11","42","20","25","$0.00","$22,874.20","$5,886.75","$378.45","$48.60","$22.55","$13.85"
"701","20070724","11","23","14","6","17","45","38","33","25","$10,000,000.00","$32,558.55","$3,467.20","$312.45","$41.50","$21.45","$13.40"
"702","20070731","11","15","16","9","3","33","5","36","31","$0.00","$10,101.05","$2,475.75","$290.65","$32.15","$17.80","$13.10"
"703","20070807","4","33","27","15","14","1","26","28","5","$0.00","$28,980.45","$3,409.45","$356.80","$47.65","$21.80","$12.75"
"704","20070814","2","18","19","1","21","28","8","26","31","$6,000,000.00","$13,329.20","$1,694.00","$196.55","$28.70","$17.05","$12.20"
"705","20070821","13","24","37","26","17","12","27","7","6","$0.00","$8,217.60","$2,985.65","$135.95","$38.15","$18.60","$10.05"
"706","20070828","31","28","9","22","16","18","43","40","32","$0.00","$54,907.15","$2,757.15","$324.80","$38.95","$21.10","$15.20"
"707","20070904","40","26","30","34","11","10","2","14","19","$0.00","$0.00","$5,022.50","$297.80","$42.10","$20.50","$12.85"
"708","20070911","27","36","14","37","42","25","7","13","20","$0.00","$69,144.00","$2,965.75","$305.05","$38.25","$20.00","$12.35"
"709","20070918","11","39","23","28","36","19","32","16","31","$0.00","$22,654.35","$3,587.80","$285.55","$36.45","$19.90","$13.35"
"710","20070925","32","8","2","39","22","10","4","18","34","$0.00","$37,832.65","$4,868.15","$333.80","$39.90","$20.55","$13.45"
"711","20071002","13","35","43","26","20","38","32","7","25","$0.00","$42,346.95","$3,189.70","$273.40","$40.90","$21.15","$13.35"
"712","20071009","38","16","34","9","41","44","4","3","35","$0.00","$57,505.95","$4,735.80","$347.25","$46.65","$22.65","$14.40"
"713","20071016","3","4","6","31","37","32","2","16","35","$0.00","$29,385.60","$4,151.95","$345.70","$45.80","$21.70","$13.85"
"714","20071023","6","1","38","12","33","27","29","21","42","$30,000,000.00","$102,912.00","$3,454.55","$306.65","$39.85","$20.55","$13.20"
"715","20071030","18","10","29","27","12","22","17","31","35","$0.00","$17,868.60","$3,153.30","$264.00","$30.45","$17.10","$12.80"
"716","20071106","30","18","31","14","40","42","37","25","7","$0.00","$27,099.85","$4,463.50","$358.65","$48.65","$24.50","$14.40"
"717","20071113","18","35","3","30","36","2","39","13","10","$0.00","$72,094.05","$4,240.85","$315.45","$48.75","$23.00","$13.30"
"718","20071120","15","31","8","3","40","20","19","23","5","$0.00","$28,407.35","$4,080.40","$276.80","$40.30","$19.90","$11.60"
"719","20071127","9","12","23","6","32","21","42","28","13","$10,000,000.00","$26,413.05","$2,652.65","$283.95","$40.05","$20.75","$12.80"
"720","20071204","18","8","28","29","39","35","13","27","3","$0.00","$25,782.50","$2,527.70","$202.20","$33.00","$17.95","$11.20"
"721","20071211","38","26","36","20","9","15","44","28","34","$0.00","$17,841.80","$2,119.20","$341.40","$41.25","$22.30","$13.75"
"722","20071218","23","45","22","42","9","29","28","3","39","$0.00","$12,473.15","$3,890.90","$282.20","$46.40","$21.80","$12.70"
"723","20071225","26","39","9","34","8","37","32","31","21","$0.00","$61,602.70","$5,073.15","$295.15","$46.85","$22.95","$14.25"
"724","20080101","18","37","10","13","17","5","21","27","43","$0.00","$77,600.20","$2,904.80","$278.55","$35.65","$19.05","$11.85"
"725","20080108","21","31","11","10","29","14","12","26","33","$0.00","$112,826.35","$4,005.00","$286.50","$38.25","$19.40","$12.90"
"726","20080115","13","7","38","5","16","14","18","26","23","$0.00","$45,141.60","$4,161.45","$292.65","$41.40","$20.50","$12.50"
"727","20080122","19","21","15","22","26","39","45","18","37","$10,000,000.00","$19,031.35","$3,407.15","$300.30","$36.70","$20.45","$13.15"
"728","20080129","33","20","7","32","39","2","30","9","13","$0.00","$17,401.30","$4,885.40","$331.00","$50.10","$22.80","$13.05"
"729","20080205","12","25","29","2","4","5","10","39","15","$0.00","$59,223.60","$2,390.80","$245.90","$29.90","$16.75","$12.15"
"730","20080212","29","3","41","21","28","13","5","38","42","$6,000,000.00","$21,179.00","$3,354.15","$281.50","$33.10","$18.05","$13.80"
"731","20080219","33","19","11","3","23","21","24","42","29","$0.00","$12,498.60","$2,450.70","$259.50","$31.75","$17.40","$12.10"
"732","20080226","5","11","16","25","17","6","44","7","15","$0.00","$0.00","$5,835.95","$288.60","$41.60","$20.50","$11.70"
"733","20080304","33","32","16","13","6","4","15","7","24","$0.00","$30,272.35","$4,155.05","$314.25","$48.40","$22.55","$12.85"
"734","20080311","36","2","23","37","19","35","5","43","21","$0.00","$38,864.35","$3,333.95","$268.95","$39.65","$20.45","$13.05"
"735","20080318","15","45","39","7","11","25","38","32","26","$0.00","$34,661.45","$3,509.60","$325.75","$40.00","$20.20","$13.55"
"736","20080325","17","26","28","25","33","42","24","44","40","$0.00","$39,764.30","$5,225.60","$320.60","$45.55","$21.75","$14.45"
"737","20080401","3","15","18","40","28","13","14","42","12","$0.00","$37,030.85","$4,012.65","$355.65","$41.20","$20.45","$13.20"
"738","20080408","5","9","38","30","14","16","13","39","12","$0.00","$188,992.10","$4,524.45","$329.65","$41.30","$21.35","$13.55"
"739","20080415","33","34","30","14","24","12","6","35","32","$0.00","$82,728.05","$4,055.30","$367.00","$43.10","$21.80","$14.15"
"740","20080422","33","17","19","27","35","28","34","36","10","$0.00","$35,844.65","$3,416.55","$311.10","$39.35","$21.25","$13.30"
"741","20080429","11","6","16","2","23","13","40","15","3","$23,991,942.94","$29,926.05","$3,351.95","$305.50","$40.35","$20.50","$12.75"
"742","20080506","40","29","22","17","18","7","8","43","11","$0.00","$14,243.15","$3,665.50","$226.80","$38.45","$18.75","$11.15"
"743","20080513","27","24","16","25","32","17","13","20","5","$0.00","$0.00","$5,083.10","$253.30","$35.30","$20.30","$12.50"
"744","20080520","11","27","31","30","3","1","4","10","23","$0.00","$67,294.40","$3,379.20","$221.30","$35.30","$18.00","$11.30"
"745","20080527","25","28","16","26","10","8","14","33","44","$0.00","$37,039.25","$3,719.85","$368.25","$36.40","$19.20","$14.05"
"746","20080603","33","39","16","17","7","3","28","43","10","$0.00","$42,235.60","$3,623.15","$264.60","$39.85","$19.90","$12.90"
"747","20080610","40","7","15","34","35","29","14","3","38","$0.00","$30,024.25","$3,532.25","$353.25","$44.05","$22.20","$13.60"
"748","20080617","10","34","7","27","35","25","40","42","8","$0.00","$37,139.95","$3,871.65","$333.25","$42.70","$21.35","$13.65"
"749","20080624","9","45","39","31","30","14","16","41","22","$0.00","$37,312.70","$6,001.60","$385.05","$46.85","$22.85","$14.35"
"750","20080701","38","24","43","35","14","20","28","21","8","$0.00","$53,328.90","$3,629.60","$311.55","$41.95","$21.50","$12.90"
"751","20080708","35","4","22","18","31","30","10","3","45","$0.00","$32,047.55","$3,640.30","$342.30","$41.15","$20.85","$13.50"
"752","20080715","28","5","4","1","12","44","15","2","38","$0.00","$30,436.20","$3,497.45","$286.45","$36.25","$19.85","$12.85"
"753","20080722","40","33","5","44","16","17","3","31","7","$13,185,273.02","$26,368.40","$3,420.90","$290.15","$40.90","$21.05","$13.15"
"754","20080729","37","20","18","8","35","11","31","21","42","$0.00","$34,231.90","$3,915.40","$291.15","$40.50","$20.55","$13.15"
"755","20080805","11","44","29","34","17","33","45","40","7","$4,000,000.00","$12,117.15","$3,184.75","$299.55","$41.50","$21.60","$12.75"
"756","20080812","27","42","25","7","45","30","19","13","24","$0.00","$63,366.10","$3,345.10","$253.20","$40.20","$20.30","$11.85"
"757","20080819","17","9","42","5","10","43","25","11","4","$0.00","$63,621.65","$4,093.30","$323.85","$47.50","$22.35","$13.00"
"758","20080826","23","27","43","25","37","45","13","44","18","$0.00","$17,591.25","$2,497.75","$229.25","$31.10","$18.70","$13.35"
"759","20080902","15","39","28","25","17","10","31","19","30","$0.00","$17,855.30","$3,829.25","$316.15","$42.90","$21.65","$12.85"
"760","20080909","28","41","36","31","15","39","42","8","9","$0.00","$66,122.30","$4,188.75","$397.80","$43.95","$22.60","$14.20"
"761","20080916","3","1","24","22","26","44","19","45","41","$15,000,000.00","$175,174.50","$3,339.40","$326.55","$41.00","$20.30","$13.85"
"762","20080923","1","37","43","45","34","19","9","25","28","$0.00","$64,464.85","$3,587.05","$207.45","$43.80","$21.15","$13.00"
"763","20080930","42","36","12","1","6","29","15","26","10","$0.00","$0.00","$6,069.70","$279.10","$40.20","$20.75","$13.05"
"764","20081007","8","10","15","17","39","40","14","11","22","$0.00","$39,957.80","$3,656.25","$333.15","$47.95","$22.50","$13.05"
"765","20081014","17","2","6","26","11","22","45","24","20","$0.00","$31,068.95","$2,864.15","$296.35","$34.05","$19.20","$12.90"
"766","20081021","11","21","1","27","43","45","13","23","35","$0.00","$38,611.10","$2,315.35","$242.40","$33.35","$18.10","$12.25"
"767","20081028","20","27","12","2","37","16","11","29","5","$0.00","$42,369.40","$3,489.25","$279.80","$39.65","$19.80","$12.00"
"768","20081104","29","5","23","34","35","21","42","13","4","$0.00","$38,365.20","$4,388.20","$337.10","$41.70","$22.00","$12.85"
"769","20081111","43","12","5","34","19","15","2","32","3","$21,899,107.07","$28,168.85","$3,898.80","$318.55","$39.15","$20.75","$13.30"
"770","20081118","5","30","2","19","37","11","28","14","13","$2,000,000.00","$31,850.05","$2,622.95","$219.00","$33.60","$17.65","$11.35"
"771","20081125","14","5","19","27","29","30","35","20","37","$0.00","$31,295.15","$2,577.25","$285.65","$34.65","$18.20","$12.00"
"772","20081202","18","36","7","40","30","9","12","11","39","$0.00","$21,860.25","$3,000.45","$300.60","$36.05","$19.10","$12.65"
"773","20081209","1","17","7","24","26","12","34","33","13","$6,000,000.00","$35,661.90","$2,719.30","$307.00","$38.85","$20.00","$12.70"
"774","20081216","18","2","40","30","20","31","27","11","35","$0.00","$29,352.55","$3,662.55","$259.00","$43.60","$20.80","$12.50"
"775","20081223","28","5","39","31","45","33","35","32","9","$0.00","$62,989.30","$4,183.35","$360.50","$44.75","$22.15","$14.15"
"776","20081230","4","9","19","21","17","10","28","2","12","$0.00","$10,970.70","$2,117.50","$187.35","$31.65","$17.05","$10.95"
"777","20090106","45","32","27","10","30","37","5","44","35","$0.00","$29,757.45","$2,702.90","$319.35","$38.20","$20.70","$13.35"
"778","20090113","3","38","16","40","41","43","1","9","33","$0.00","$25,692.55","$4,335.75","$344.35","$48.95","$22.75","$14.05"
"779","20090120","15","45","23","8","37","27","35","22","16","$0.00","$18,088.75","$3,491.40","$294.65","$38.10","$20.00","$13.35"
"780","20090127","45","3","21","28","24","34","31","12","42","$0.00","$24,610.90","$3,428.75","$280.85","$42.10","$21.40","$13.30"
"781","20090203","8","24","32","5","35","7","17","12","42","$0.00","$34,447.70","$3,528.45","$317.45","$41.15","$20.50","$13.00"
"782","20090210","5","1","16","23","29","18","44","33","38","$20,000,000.00","$12,736.20","$3,343.70","$263.75","$40.30","$20.55","$13.45"
"783","20090217","2","20","4","23","45","41","30","35","6","$0.00","$32,558.10","$4,787.95","$313.40","$47.40","$22.40","$13.45"
"784","20090224","41","13","30","2","45","28","34","3","9","$4,000,000.00","$25,170.35","$2,635.00","$335.95","$42.10","$22.30","$13.70"
"785","20090303","8","29","11","33","3","35","26","6","12","$2,000,000.00","$63,393.40","$2,837.30","$271.75","$34.60","$18.30","$11.85"
"786","20090310","24","38","29","16","14","13","28","26","9","$0.00","$29,452.40","$4,491.65","$313.40","$44.80","$21.25","$12.75"
"787","20090317","32","6","16","23","27","25","37","40","26","$0.00","$21,902.05","$4,227.40","$380.15","$40.70","$21.10","$13.95"
"788","20090324","37","4","16","27","17","33","35","20","10","$7,000,000.00","$19,256.40","$2,557.80","$303.20","$40.35","$20.70","$13.75"
"789","20090331","5","13","44","8","41","15","35","3","17","$0.00","$28,461.55","$4,185.50","$315.55","$47.30","$21.85","$12.35"
"790","20090407","12","26","13","7","35","21","41","6","25","$0.00","$71,367.40","$3,339.40","$273.80","$38.50","$19.85","$12.80"
"791","20090414","33","11","27","20","5","28","1","38","34","$0.00","$82,468.70","$3,691.05","$334.55","$37.85","$18.75","$13.45"
"792","20090421","43","21","22","18","16","20","32","40","9","$10,000,000.00","$144,449.10","$5,040.60","$388.20","$46.90","$22.50","$14.15"
"793","20090428","24","43","21","25","1","13","36","33","6","$0.00","$19,606.95","$3,363.95","$336.65","$44.30","$22.30","$13.60"
"794","20090505","12","31","6","42","24","10","20","11","26","$0.00","$36,134.55","$3,306.45","$262.05","$39.75","$20.35","$12.70"
"795","20090512","7","2","32","25","28","40","35","16","21","$0.00","$39,287.80","$4,622.10","$260.00","$45.95","$21.60","$12.75"
"796","20090519","11","22","18","17","25","21","12","28","35","$0.00","$131,606.55","$3,187.70","$266.45","$36.90","$19.25","$12.15"
"797","20090526","19","5","20","41","44","18","43","40","39","$0.00","$45,800.00","$4,012.50","$345.75","$45.45","$22.55","$13.85"
"798","20090602","3","45","32","43","22","20","33","6","34","$0.00","$43,996.45","$3,774.20","$312.65","$41.85","$21.95","$13.85"
"799","20090609","19","44","34","28","30","40","3","27","16","$0.00","$44,657.30","$3,714.80","$325.25","$40.20","$20.85","$13.50"
"800","20090616","29","24","7","32","41","1","22","36","17","$0.00","$48,167.30","$4,346.00","$324.45","$44.05","$21.85","$13.40"
"801","20090623","31","23","40","9","15","21","18","3","19","$0.00","$26,376.35","$3,705.20","$304.00","$41.00","$20.90","$12.90"
"802","20090630","12","3","38","21","23","29","40","43","22","$53,274,992.38","$33,468.25","$3,711.25","$312.25","$40.05","$20.45","$13.20"
"803","20090707","8","35","31","1","34","26","44","42","19","$0.00","$71,363.75","$6,678.40","$354.75","$49.70","$23.75","$14.10"
"804","20090714","33","19","9","34","8","27","2","18","40","$0.00","$26,057.80","$6,190.20","$288.40","$39.05","$20.40","$13.15"
"805","20090721","44","1","7","34","16","12","4","43","6","$0.00","$16,607.75","$5,003.75","$283.60","$42.35","$20.35","$13.20"
"806","20090728","35","11","43","15","3","10","6","29","13","$0.00","$20,769.05","$4,501.05","$283.15","$42.20","$20.15","$11.75"
"807","20090804","22","39","25","2","13","42","11","41","12","$20,000,000.00","$33,169.75","$3,226.35","$324.20","$39.90","$21.05","$13.70"
"808","20090811","43","8","6","17","40","29","41","4","9","$0.00","$14,122.85","$3,230.70","$281.10","$45.50","$22.00","$13.60"
"809","20090818","19","41","20","34","36","24","16","28","44","$0.00","$43,759.95","$4,741.80","$381.35","$51.95","$24.05","$14.25"
"810","20090825","17","41","24","16","39","5","11","22","30","$0.00","$135,638.65","$3,825.45","$305.55","$41.45","$22.00","$13.70"
"811","20090901","45","16","37","42","28","9","29","33","44","$0.00","$56,271.80","$4,187.50","$327.95","$43.20","$22.30","$14.05"
"812","20090908","3","2","21","20","24","7","35","1","19","$20,000,000.00","$69,837.55","$3,686.75","$298.15","$40.30","$20.30","$12.25"
"813","20090915","35","27","15","7","19","43","13","36","6","$0.00","$66,826.00","$2,501.50","$259.20","$29.65","$16.85","$12.65"
"814","20090922","24","19","18","26","20","7","21","23","44","$0.00","$16,259.05","$2,535.95","$158.25","$37.70","$19.00","$13.00"
"815","20090929","12","27","36","35","7","28","25","24","37","$0.00","$63,489.00","$3,309.20","$357.55","$41.00","$20.05","$12.95"
"816","20091006","28","34","45","22","17","5","12","18","27","$15,000,000.00","$25,725.15","$2,942.40","$275.15","$38.15","$19.90","$12.35"
"817","20091013","10","27","44","39","14","26","30","7","15","$0.00","$65,532.75","$2,753.50","$332.00","$39.05","$21.80","$13.20"
"818","20091020","25","36","24","27","38","32","6","26","23","$5,000,000.00","$39,344.65","$4,500.20","$370.30","$46.50","$23.05","$14.05"
"819","20091027","42","45","20","4","43","7","25","27","37","$0.00","$0.00","$6,137.80","$393.45","$47.50","$22.80","$13.35"
"820","20091103","15","4","7","2","36","17","6","25","9","$0.00","$17,791.50","$3,855.75","$220.35","$36.30","$18.05","$11.60"
"821","20091110","1","24","16","31","36","25","35","21","28","$0.00","$43,407.90","$3,672.70","$343.00","$45.75","$23.35","$13.80"
"822","20091117","27","4","33","6","34","25","31","19","41","$0.00","$29,364.10","$3,900.35","$342.90","$45.90","$22.45","$13.60"
"823","20091124","7","31","22","36","39","24","23","34","9","$0.00","$73,796.85","$2,831.10","$328.30","$41.30","$21.30","$13.30"
"824","20091201","10","2","24","8","27","28","18","25","36","$0.00","$62,006.85","$2,888.25","$294.70","$36.20","$19.35","$12.95"
"825","20091208","35","42","7","34","11","29","45","3","4","$40,000,000.00","$23,032.90","$3,541.80","$308.90","$40.90","$20.80","$12.85"
"826","20091215","29","7","22","37","12","28","32","34","36","$0.00","$0.00","$5,580.45","$278.10","$36.65","$19.20","$12.95"
"827","20091222","44","2","1","45","20","35","36","26","6","$0.00","$76,839.55","$2,471.85","$347.70","$42.85","$22.50","$14.30"
"828","20091229","22","12","13","6","28","27","33","23","16","$0.00","$17,658.40","$3,029.65","$286.90","$36.90","$18.80","$12.00"
"829","20100105","11","26","39","3","35","10","6","25","32","$0.00","$20,824.25","$3,610.40","$323.65","$38.90","$20.55","$13.70"
"830","20100112","18","40","31","37","33","23","14","22","42","$0.00","$24,080.30","$3,699.80","$295.10","$42.65","$21.65","$14.10"
"831","20100119","38","18","7","33","37","20","40","30","14","$15,000,000.00","$37,894.20","$4,255.50","$300.90","$44.05","$21.80","$13.50"
"832","20100126","21","17","37","44","32","40","38","1","36","$0.00","$0.00","$7,021.35","$517.95","$48.30","$23.25","$14.65"
"833","20100202","28","32","38","19","29","22","34","17","5","$2,500,000.00","$89,164.30","$2,415.45","$270.50","$36.85","$20.00","$13.00"
"834","20100209","42","44","5","18","24","23","28","32","15","$2,000,000.00","$21,304.90","$4,537.55","$369.80","$42.60","$21.55","$14.10"
"835","20100216","21","44","26","20","19","37","1","39","4","$2,000,000.00","$0.00","$5,691.25","$362.90","$45.50","$21.65","$13.60"
"836","20100223","22","34","17","14","35","2","8","23","10","$0.00","$0.00","$6,263.70","$414.90","$46.20","$21.95","$13.10"
"837","20100302","2","1","24","26","19","43","37","18","31","$0.00","$75,400.05","$5,352.95","$351.70","$43.50","$22.15","$14.15"
"838","20100309","8","43","44","25","42","45","39","5","26","$0.00","$46,849.35","$4,318.85","$305.60","$26.05","$21.35","$14.45"
"839","20100316","27","2","31","3","38","37","13","12","36","$0.00","$14,635.80","$3,689.70","$287.00","$40.05","$20.30","$13.05"
"840","20100323","6","9","44","26","23","14","30","40","24","$0.00","$22,243.50","$3,115.35","$310.30","$40.80","$20.55","$13.70"
"841","20100330","40","39","28","29","25","2","35","31","14","$30,000,000.00","$38,424.75","$3,912.00","$350.75","$41.95","$21.45","$13.75"
"842","20100406","41","15","2","43","36","11","39","25","42","$0.00","$65,774.90","$5,887.80","$362.75","$48.55","$23.50","$14.30"
"843","20100413","19","21","20","22","17","33","23","26","32","$0.00","$27,593.10","$347.10","$243.45","$30.40","$20.30","$13.55"
"844","20100420","30","39","9","11","44","17","1","13","15","$0.00","$26,306.05","$3,471.75","$315.10","$43.90","$21.65","$13.10"
"845","20100427","4","12","42","22","18","3","6","35","37","$0.00","$50,496.65","$2,942.35","$293.75","$37.70","$19.15","$13.35"
"846","20100504","28","19","18","14","5","20","16","36","34","$20,000,000.00","$72,765.45","$3,210.25","$315.35","$37.85","$19.80","$13.15"
"847","20100511","15","27","45","7","13","18","10","3","29","$0.00","$23,065.10","$3,391.90","$202.95","$31.15","$17.10","$10.35"
"848","20100518","27","13","18","38","42","33","22","29","40","$0.00","$20,033.95","$2,199.80","$339.40","$35.35","$20.15","$13.20"
"849","20100525","44","15","28","36","25","24","37","26","7","$0.00","$33,906.10","$3,988.95","$303.60","$45.75","$22.20","$13.10"
"850","20100601","16","6","18","30","40","15","14","20","23","$0.00","$47,286.70","$3,446.20","$298.90","$43.00","$21.35","$12.95"
"851","20100608","43","15","5","26","21","40","35","12","37","$0.00","$35,117.70","$3,442.90","$300.55","$41.15","$21.15","$13.15"
"852","20100615","32","8","15","29","10","38","18","3","39","$0.00","$24,957.15","$3,731.70","$297.95","$40.35","$20.70","$13.20"
"853","20100622","29","3","41","14","23","6","2","10","35","$0.00","$51,922.00","$3,644.25","$318.60","$43.75","$21.20","$13.15"
"854","20100629","1","34","21","31","17","22","45","7","40","$17,058,794.29","$22,833.80","$2,970.20","$270.60","$38.75","$20.80","$12.95"
"855","20100706","19","9","30","45","40","34","29","6","33","$0.00","$74,980.50","$3,958.25","$296.25","$38.70","$21.05","$13.55"
"856","20100713","16","27","39","6","31","13","23","1","45","$0.00","$42,400.10","$4,060.20","$296.35","$36.60","$19.45","$13.55"
"857","20100720","5","6","23","7","13","3","34","2","19","$0.00","$29,039.10","$3,146.65","$195.10","$32.60","$16.65","$10.90"
"858","20100727","40","30","26","1","19","12","8","6","28","$0.00","$14,174.20","$2,861.00","$244.15","$37.05","$19.30","$12.20"
"859","20100803","41","19","27","3","15","40","31","28","45","$0.00","$21,118.10","$3,898.05","$303.45","$41.25","$21.10","$13.30"
"860","20100810","11","16","28","25","22","21","41","39","14","$30,000,000.00","$39,052.10","$4,551.00","$302.55","$41.95","$20.65","$13.40"
"861","20100817","44","30","15","2","17","3","23","5","14","$0.00","$81,061.35","$3,973.60","$294.95","$40.55","$21.10","$12.60"
"862","20100824","2","33","12","19","4","44","17","20","5","$0.00","$24,744.80","$3,773.70","$321.50","$40.90","$20.55","$12.40"
"863","20100831","16","40","8","13","30","33","23","24","3","$0.00","$16,834.80","$3,318.50","$218.25","$39.70","$19.85","$11.85"
"864","20100907","40","27","28","34","8","44","3","6","23","$0.00","$44,823.45","$3,515.55","$307.20","$38.65","$20.75","$12.80"
"865","20100914","25","34","41","18","24","29","23","38","37","$20,000,000.00","$46,058.50","$3,918.45","$311.00","$43.40","$21.75","$13.95"
"866","20100921","16","38","9","8","44","35","39","17","40","$0.00","$73,582.15","$4,734.15","$428.10","$52.60","$24.20","$14.25"
"867","20100928","33","32","15","26","40","6","25","14","42","$0.00","$94,159.80","$5,101.55","$391.00","$50.90","$23.45","$15.10"
"868","20101005","27","8","23","26","3","41","29","1","13","$0.00","$29,314.80","$3,550.25","$263.95","$38.55","$19.40","$11.55"
"869","20101012","22","37","38","4","1","40","7","9","42","$15,000,000.00","$63,303.80","$4,296.65","$340.25","$43.00","$21.45","$13.65"
"870","20101019","13","35","8","27","45","38","19","44","23","$0.00","$18,447.50","$3,165.00","$252.85","$36.00","$18.70","$12.00"
"871","20101026","36","20","32","8","40","6","44","28","1","$0.00","$41,856.40","$5,385.95","$280.50","$45.05","$22.00","$13.05"
"872","20101102","32","14","30","43","23","38","11","19","12","$0.00","$62,045.30","$3,991.90","$335.20","$45.20","$22.35","$13.40"
"873","20101109","25","4","10","35","27","39","36","6","16","$0.00","$45,051.70","$3,905.40","$340.10","$44.60","$21.90","$13.85"
"874","20101116","12","33","38","36","28","43","26","14","11","$10,000,000.00","$23,845.95","$2,939.80","$305.65","$39.60","$20.95","$13.40"
"875","20101123","5","20","22","43","45","7","2","14","24","$0.00","$74,838.10","$3,021.15","$295.65","$37.70","$19.90","$13.45"
"876","20101130","26","7","8","22","39","25","20","40","38","$0.00","$47,473.80","$7,518.45","$327.45","$41.95","$20.85","$13.85"
"877","20101207","1","19","40","23","36","27","25","7","24","$0.00","$13,004.70","$3,133.15","$269.05","$41.60","$20.10","$12.20"
"878","20101214","28","22","38","12","34","33","5","40","13","$15,000,000.00","$29,439.30","$2,346.20","$306.10","$36.80","$19.85","$13.20"
"879","20101221","26","13","38","8","35","42","7","16","2","$0.00","$69,261.65","$4,194.05","$266.70","$39.80","$20.60","$13.30"
"880","20101228","35","6","37","22","43","36","14","20","10","$0.00","$31,518.00","$2,884.00","$358.85","$47.05","$23.25","$14.40"
"881","20110104","3","4","45","40","24","33","39","20","13","$10,000,000.00","$64,177.95","$4,479.00","$388.30","$48.10","$22.45","$13.10"
"882","20110111","34","28","27","33","9","12","17","14","20","$0.00","$34,992.50","$6,861.25","$380.00","$40.90","$20.35","$13.45"
"883","20110118","38","19","2","36","14","21","4","35","8","$0.00","$42,389.70","$2,958.40","$305.35","$40.25","$20.55","$12.75"
"884","20110125","28","17","30","41","5","16","34","26","9","$0.00","$129,297.35","$5,219.60","$325.20","$44.55","$22.20","$14.00"
"885","20110201","23","33","37","34","27","38","11","14","4","$15,000,000.00","$18,467.60","$2,220.25","$265.15","$35.55","$19.60","$13.30"
"886","20110208","41","18","14","26","30","15","23","43","5","$0.00","$67,034.30","$5,750.50","$387.85","$48.45","$22.65","$13.70"
"887","20110215","29","20","7","11","32","37","41","33","9","$5,000,000.00","$42,324.55","$2,420.50","$290.05","$43.05","$20.95","$13.40"
"888","20110222","39","26","5","18","2","16","28","15","31","$0.00","$22,737.10","$3,695.65","$432.50","$39.65","$21.00","$13.50"
"889","20110301","38","8","20","33","12","16","14","43","41","$0.00","$81,149.40","$5,062.80","$335.65","$44.65","$21.75","$15.45"
"890","20110308","20","7","13","28","16","36","29","6","45","$0.00","$41,136.50","$4,033.00","$266.65","$37.35","$19.50","$12.75"
"891","20110315","26","15","25","8","41","28","16","24","35","$15,000,000.00","$29,746.50","$4,082.85","$290.00","$43.85","$21.85","$13.35"
"892","20110322","44","16","13","37","39","10","15","24","40","$0.00","$0.00","$8,770.20","$418.10","$54.60","$24.55","$15.45"
"893","20110329","41","17","25","24","27","3","34","43","45","$0.00","$84,762.65","$4,155.05","$277.85","$45.50","$21.50","$14.10"
"894","20110405","18","42","24","45","43","21","40","10","44","$0.00","$74,546.50","$2,669.20","$245.15","$42.60","$21.35","$13.95"
"895","20110412","41","5","13","40","9","18","29","19","14","$0.00","$32,828.00","$3,686.55","$294.55","$41.25","$21.00","$12.85"
"896","20110419","35","11","20","43","19","9","45","27","37","$0.00","$23,953.60","$3,099.90","$210.25","$42.50","$20.75","$12.90"
"897","20110426","44","29","42","36","22","25","41","21","16","$25,000,000.00","$43,662.15","$3,154.15","$332.20","$42.90","$21.80","$14.00"
"898","20110503","36","42","45","34","19","10","40","8","7","$0.00","$72,927.45","$4,416.00","$355.85","$44.30","$21.60","$13.05"
"899","20110510","12","35","34","17","15","30","37","4","5","$0.00","$41,466.15","$5,021.85","$302.80","$43.25","$22.45","$13.20"
"900","20110517","11","10","14","33","39","29","26","42","21","$10,000,000.00","$138,911.95","$3,404.70","$328.30","$41.25","$21.05","$13.35"
"901","20110524","24","7","21","40","9","15","25","3","38","$0.00","$0.00","$7,939.10","$327.45","$39.70","$19.75","$12.45"
"902","20110531","25","33","4","36","45","41","43","19","21","$0.00","$22,103.75","$5,871.95","$364.25","$47.05","$22.65","$13.75"
"903","20110607","17","15","28","8","41","9","7","6","25","$0.00","$43,097.45","$4,033.20","$269.50","$39.40","$19.85","$12.20"
"904","20110614","4","15","13","26","21","3","1","14","27","$0.00","$26,584.30","$3,283.95","$291.70","$35.50","$18.65","$12.30"
"905","20110621","19","15","16","31","42","17","37","39","44","$10,000,000.00","$48,417.60","$4,886.45","$343.15","$47.80","$24.15","$15.80"
"906","20110628","28","16","23","20","35","3","27","33","17","$0.00","$0.00","$7,773.80","$146.25","$40.05","$21.50","$13.60"
"907","20110705","20","29","28","34","40","6","33","21","8","$0.00","$87,036.75","$4,977.60","$373.10","$50.85","$24.80","$15.00"
"908","20110712","8","21","7","16","35","24","27","33","5","$0.00","$38,629.00","$4,113.65","$311.45","$39.60","$20.85","$13.60"
"909","20110719","27","24","5","34","20","9","8","7","23","$0.00","$21,014.15","$3,426.90","$288.50","$39.65","$21.85","$13.05"
"910","20110726","41","21","10","27","35","45","23","39","37","$0.00","$33,772.70","$3,715.45","$316.45","$44.40","$23.10","$14.55"
"911","20110802","42","2","4","20","29","27","25","32","17","$30,000,000.00","$27,988.95","$4,640.90","$354.20","$46.00","$23.10","$14.95"
"912","20110809","33","39","29","27","14","6","26","23","30","$0.00","$79,853.65","$4,566.80","$402.60","$50.35","$24.50","$14.45"
"913","20110816","5","24","25","18","22","39","41","16","6","$0.00","$99,929.25","$3,740.65","$418.20","$52.55","$25.20","$15.75"
"914","20110823","9","12","39","26","18","27","7","8","30","$10,000,000.00","$49,088.60","$3,697.50","$305.75","$41.10","$21.35","$13.40"
"915","20110830","41","4","22","16","28","8","34","13","20","$0.00","$0.00","$5,042.20","$298.45","$41.85","$22.30","$13.95"
"916","20110906","20","2","27","44","16","5","40","22","31","$0.00","$22,472.35","$3,364.85","$337.50","$46.20","$23.00","$15.05"
"917","20110913","31","24","38","37","6","20","18","21","8","$0.00","$34,195.75","$4,023.05","$379.15","$50.40","$24.30","$14.80"
"918","20110920","4","17","29","1","27","19","22","8","28","$7,500,000.00","$44,690.30","$4,182.25","$274.70","$39.10","$20.30","$12.60"
"919","20110927","15","26","32","34","21","40","23","37","22","$0.00","$25,101.60","$4,698.15","$415.30","$55.15","$25.95","$16.10"
"920","20111004","9","2","19","42","1","36","25","5","6","$5,000,000.00","$29,354.55","$4,120.60","$301.75","$46.30","$23.10","$13.20"
"921","20111011","39","32","8","25","12","6","44","41","10","$0.00","$17,615.70","$3,817.65","$390.60","$51.80","$25.85","$16.15"
"922","20111018","45","6","10","43","16","15","36","44","9","$0.00","$40,093.70","$4,716.90","$400.50","$54.30","$25.65","$15.55"
"923","20111025","29","33","16","36","34","35","3","14","31","$0.00","$30,431.75","$4,320.95","$333.05","$47.60","$23.30","$15.30"
"924","20111101","23","17","44","25","31","5","12","19","13","$0.00","$51,667.75","$4,432.30","$295.20","$43.25","$21.85","$13.30"
"925","20111108","3","6","1","18","34","21","15","12","28","$20,000,000.00","$20,299.40","$3,963.10","$198.00","$43.40","$21.85","$13.10"
"926","20111115","9","6","22","20","28","8","7","29","39","$0.00","$24,357.40","$2,350.65","$256.20","$29.15","$17.35","$12.85"
"927","20111122","11","25","5","21","16","10","37","39","12","$0.00","$23,420.20","$3,639.10","$316.90","$38.50","$20.35","$13.95"
"928","20111129","34","12","9","15","6","33","5","1","4","$0.00","$47,565.90","$3,456.35","$306.45","$43.70","$22.05","$13.60"
"929","20111206","8","2","29","33","30","24","12","17","11","$0.00","$58,931.25","$3,999.85","$307.40","$45.40","$21.90","$13.20"
"930","20111213","18","45","21","25","11","29","42","23","40","$20,000,000.00","$24,624.75","$3,621.30","$355.00","$43.80","$22.20","$14.25"
"931","20111220","40","8","36","29","7","9","21","32","10","$0.00","$35,407.45","$3,940.40","$304.80","$38.10","$20.30","$13.70"
"932","20111227","9","20","12","6","38","35","18","13","41","$5,000,000.00","$4,142.55","$3,101.40","$324.90","$42.05","$22.25","$15.05"
"933","20120103","22","35","42","1","31","39","34","6","43","$0.00","$63,817.80","$6,569.50","$493.20","$65.20","$28.20","$17.00"
"934","20120110","6","44","37","5","39","8","7","33","40","$5,000,000.00","$85,644.45","$4,765.60","$358.45","$46.10","$22.55","$15.00"
"935","20120117","31","11","5","7","13","32","2","27","21","$0.00","$16,712.10","$3,719.70","$164.20","$34.25","$18.25","$10.60"
"936","20120124","40","29","27","13","44","12","10","15","18","$0.00","$84,317.95","$3,773.80","$346.05","$42.70","$21.55","$13.75"
"937","20120131","12","39","9","14","32","1","18","25","11","$0.00","$30,045.90","$5,458.15","$416.75","$50.75","$24.50","$14.25"
"938","20120207","33","5","1","20","25","39","21","29","41","$0.00","$124,852.10","$4,356.75","$378.80","$47.10","$23.50","$14.55"
"939","20120214","7","10","27","31","43","23","25","20","34","$15,000,000.00","$57,627.85","$3,042.20","$314.50","$40.70","$21.30","$13.90"
"940","20120221","13","19","41","31","45","6","14","9","28","$2,000,000.00","$36,102.00","$4,955.15","$305.80","$47.75","$23.70","$13.90"
"941","20120228","30","8","43","12","17","5","28","25","31","$0.00","$0.00","$4,912.00","$297.20","$36.60","$19.80","$13.95"
"942","20120306","21","41","32","5","15","29","7","37","36","$5,000,000.00","$22,221.40","$4,692.30","$366.20","$44.70","$22.25","$14.35"
"943","20120313","23","26","3","42","32","33","29","13","36","$0.00","$11,360.95","$4,009.75","$187.00","$48.40","$23.15","$13.00"
"944","20120320","23","3","15","34","40","5","22","26","2","$0.00","$84,455.20","$5,795.95","$380.50","$49.75","$23.20","$14.45"
"945","20120327","17","11","24","15","3","18","39","34","23","$0.00","$28,633.30","$5,126.15","$374.30","$46.45","$22.40","$14.20"
"946","20120403","21","36","7","10","44","19","27","2","8","$0.00","$28,613.55","$3,385.65","$271.50","$37.45","$19.95","$13.00"
"947","20120410","36","35","45","42","15","22","6","10","23","$0.00","$80,817.85","$3,781.60","$370.45","$47.60","$24.10","$14.85"
"948","20120417","21","38","24","40","35","9","27","30","39","$0.00","$28,427.45","$3,709.45","$324.80","$45.80","$23.30","$14.75"
"949","20120424","27","45","19","16","6","11","4","13","43","$0.00","$27,823.40","$3,742.15","$309.60","$41.00","$21.00","$13.25"
"950","20120501","6","2","37","34","36","25","29","3","8","$0.00","$34,346.25","$4,759.50","$366.45","$49.05","$24.00","$14.55"
"951","20120508","17","8","28","34","41","42","6","4","19","$24,952,195.76","$47,006.65","$4,167.50","$353.10","$47.30","$23.35","$14.30"
"952","20120515","45","38","10","14","7","19","17","20","25","$0.00","$76,061.80","$4,232.35","$350.15","$43.55","$21.75","$13.80"
"953","20120522","14","6","45","22","33","12","38","19","13","$5,000,000.00","$100,044.05","$3,551.25","$342.80","$45.15","$24.05","$14.35"
"954","20120529","35","11","45","37","3","43","29","5","24","$0.00","$15,339.40","$3,222.55","$307.60","$36.50","$20.75","$13.90"
"955","20120605","37","12","1","44","34","33","30","27","38","$0.00","$22,448.70","$3,697.45","$378.80","$53.85","$25.40","$15.15"
"956","20120612","10","8","42","26","45","33","7","30","37","$0.00","$66,543.45","$4,724.20","$353.15","$47.45","$22.80","$14.50"
"957","20120619","16","4","1","2","31","39","10","18","21","$13,000,000.00","$54,266.30","$4,410.20","$369.10","$48.10","$23.95","$14.45"
"958","20120626","7","11","19","17","25","43","1","14","21","$0.00","$14,473.35","$2,525.25","$228.05","$32.10","$17.45","$11.90"
"959","20120703","32","34","21","28","19","24","45","16","18","$0.00","$90,710.90","$4,914.70","$466.25","$49.90","$24.75","$15.20"
"960","20120710","20","19","37","40","1","9","4","7","24","$10,000,000.00","$34,971.70","$4,056.35","$284.85","$44.25","$21.95","$13.15"
"961","20120717","32","34","20","3","17","4","16","38","41","$0.00","$24,664.15","$4,231.60","$425.80","$50.55","$24.95","$17.30"
"962","20120724","31","20","40","36","6","29","43","17","2","$0.00","$21,777.20","$3,516.50","$322.50","$51.85","$24.80","$15.55"
"963","20120731","14","20","1","17","19","8","5","18","2","$10,000,000.00","$10,583.60","$2,443.70","$213.80","$35.35","$19.40","$12.70"
"964","20120807","4","15","38","19","28","3","44","42","25","$0.00","$24,154.10","$3,638.70","$344.05","$43.00","$22.00","$15.30"
"965","20120814","42","14","19","7","28","4","18","27","40","$0.00","$22,555.20","$2,902.30","$288.60","$32.50","$18.40","$13.45"
"966","20120821","5","35","18","33","36","32","44","4","39","$0.00","$26,303.30","$4,275.30","$396.00","$50.75","$24.80","$15.60"
"967","20120828","35","42","26","39","28","25","12","18","5","$13,000,000.00","$45,850.15","$4,779.60","$374.15","$48.50","$23.70","$14.75"
"968","20120904","34","6","32","18","44","20","33","2","23","$0.00","$39,271.60","$6,219.50","$372.95","$52.35","$26.40","$15.70"
"969","20120911","26","9","20","10","1","12","32","19","17","$0.00","$29,096.30","$3,594.25","$288.80","$43.80","$22.05","$13.55"
"970","20120918","12","17","11","6","14","16","7","10","39","$0.00","$20,803.85","$2,953.90","$247.95","$34.30","$19.95","$13.70"
"971","20120925","40","45","15","35","5","44","29","12","36","$0.00","$47,209.35","$4,165.55","$368.45","$39.50","$22.65","$15.25"
"972","20121002","28","33","2","15","11","13","41","17","16","$0.00","$38,642.40","$3,834.10","$336.05","$44.65","$23.20","$14.45"
"973","20121009","12","15","1","22","33","4","43","45","30","$0.00","$20,928.00","$4,471.30","$339.95","$47.05","$23.40","$15.05"
"974","20121016","45","16","5","4","23","44","8","36","24","$0.00","$36,279.95","$4,149.65","$352.80","$45.20","$22.70","$14.75"
"975","20121023","21","27","41","14","16","2","25","43","32","$0.00","$50,985.80","$4,198.85","$382.40","$47.65","$23.35","$15.10"
"976","20121030","26","21","31","4","8","5","16","41","32","$0.00","$53,228.30","$3,829.20","$353.40","$41.95","$22.05","$14.95"
"977","20121106","29","43","8","7","15","2","13","21","20","$27,993,037.76","$29,454.90","$3,471.50","$308.25","$40.70","$21.10","$13.70"
"978","20121113","8","12","3","37","7","17","39","32","23","$0.00","$29,121.15","$3,670.75","$307.30","$41.15","$20.40","$13.60"
"979","20121120","19","24","39","34","26","43","44","31","5","$0.00","$37,073.80","$4,977.95","$381.10","$53.45","$26.05","$16.00"
"980","20121127","9","13","33","22","16","34","1","4","5","$0.00","$21,567.60","$3,861.20","$367.60","$48.65","$24.00","$14.05"
"981","20121204","1","3","21","31","7","14","24","10","34","$0.00","$31,737.90","$3,187.45","$266.00","$37.25","$20.15","$13.85"
"982","20121211","25","12","21","3","15","5","30","32","20","$0.00","$39,538.65","$2,625.90","$253.45","$33.95","$19.50","$13.95"
"983","20121218","36","19","15","43","12","41","22","38","1","$40,000,000.00","$30,754.90","$3,916.65","$344.60","$41.10","$22.40","$15.25"
"984","20121225","28","16","2","32","15","20","5","10","24","$0.00","$0.00","$4,692.00","$299.85","$45.45","$22.30","$13.25"
"985","20130101","39","25","19","28","42","8","30","44","43","$0.00","$81,159.15","$4,516.00","$399.70","$49.70","$23.85","$16.05"
"986","20130108","13","40","35","30","39","1","15","33","25","$0.00","$23,693.40","$4,434.60","$343.00","$51.50","$24.35","$14.90"
"987","20130115","28","17","21","44","34","36","7","31","25","$0.00","$38,895.65","$3,673.35","$335.90","$43.90","$22.10","$14.60"
"988","20130122","30","1","27","14","39","28","24","17","8","$0.00","$42,112.25","$4,515.70","$369.75","$50.15","$24.15","$14.20"
"989","20130129","39","36","6","22","38","19","34","40","17","$22,805,037.62","$48,725.00","$3,688.10","$334.15","$44.60","$23.10","$15.35"
"990","20130205","19","27","45","42","30","37","17","8","18","$2,000,000.00","$16,744.95","$3,591.15","$296.50","$46.50","$22.90","$14.55"
"991","20130212","43","5","16","3","42","2","28","27","39","$0.00","$0.00","$9,001.30","$440.45","$52.35","$24.95","$15.40"
"992","20130219","1","27","41","20","2","18","35","22","28","$0.00","$31,699.45","$4,775.40","$385.80","$54.30","$25.70","$15.20"
"993","20130226","10","8","18","7","34","12","23","35","26","$0.00","$28,259.65","$3,305.75","$292.80","$39.10","$19.95","$13.80"
"994","20130305","27","3","5","26","2","44","11","19","45","$0.00","$28,449.55","$4,183.75","$298.75","$42.30","$20.65","$13.15"
"995","20130312","3","38","21","10","28","40","8","19","42","$15,780,618.95","$36,858.30","$3,832.55","$297.00","$41.20","$21.45","$13.70"
"996","20130319","11","1","37","33","40","26","7","27","2","$0.00","$39,851.30","$3,816.15","$283.20","$38.50","$21.30","$13.35"
"997","20130326","44","14","25","43","19","21","18","20","12","$0.00","$46,778.40","$4,938.90","$394.65","$51.85","$25.65","$15.05"
"998","20130402","35","17","12","44","42","40","7","36","30","$0.00","$44,689.20","$3,631.85","$327.10","$47.60","$24.05","$15.00"
"999","20130409","8","6","32","23","45","3","36","21","15","$0.00","$22,829.55","$4,910.65","$318.65","$44.95","$23.20","$14.40"
"1000","20130416","40","24","4","7","16","22","37","43","20","$0.00","$21,327.90","$4,446.60","$337.05","$45.90","$22.35","$14.85"
"1001","20130423","41","35","19","12","27","39","7","8","21","$0.00","$30,349.75","$3,417.15","$287.30","$44.05","$22.40","$13.55"
"1002","20130430","12","39","27","44","26","6","32","14","41","$30,000,000.00","$55,303.55","$4,628.45","$351.05","$48.30","$24.30","$15.70"
"1003","20130507","31","44","35","28","16","24","18","4","20","$0.00","$20,265.00","$3,550.80","$321.45","$50.95","$25.05","$14.95"
"1004","20130514","13","9","1","12","26","22","41","34","39","$0.00","$33,847.65","$5,226.45","$382.60","$45.45","$22.35","$16.30"
"1005","20130521","3","43","19","23","2","41","39","11","33","$0.00","$30,660.70","$4,152.95","$304.55","$46.80","$23.45","$13.90"
"1006","20130528","1","25","30","31","26","14","35","18","27","$0.00","$59,265.30","$5,719.55","$385.75","$49.60","$24.25","$15.05"
"1007","20130604","18","17","41","22","26","2","5","10","40","$0.00","$27,168.40","$3,559.50","$306.95","$45.85","$23.50","$14.70"
"1008","20130611","3","6","26","29","38","24","25","30","19","$0.00","$32,258.30","$3,660.60","$326.65","$47.15","$23.60","$14.30"
"1009","20130618","31","20","9","40","1","35","29","44","27","$0.00","$26,814.05","$3,730.10","$347.10","$46.90","$23.50","$14.95"
"1010","20130625","4","20","17","10","16","41","7","5","36","$0.00","$78,522.40","$3,333.25","$302.90","$42.65","$22.45","$14.10"
"1011","20130702","45","13","38","42","31","20","15","35","18","$25,000,000.00","$30,990.05","$3,779.30","$328.70","$47.10","$23.95","$14.80"
"1012","20130709","1","41","2","17","13","11","7","40","33","$0.00","$42,184.90","$3,101.85","$248.85","$27.90","$17.25","$13.35"
"1013","20130716","42","33","9","6","2","43","36","21","35","$0.00","$100,461.20","$3,760.60","$381.25","$52.90","$25.55","$16.05"
"1014","20130723","34","41","8","40","28","31","37","39","42","$10,000,000.00","$82,158.05","$4,634.20","$367.05","$47.35","$24.00","$15.70"
"1015","20130730","7","29","39","21","16","3","13","9","43","$0.00","$43,339.05","$3,796.90","$221.70","$33.75","$18.50","$12.50"
"1016","20130806","27","30","33","16","25","29","37","21","3","$0.00","$16,221.45","$4,174.65","$368.05","$49.90","$25.05","$14.25"
"1017","20130813","1","31","11","14","43","30","33","27","15","$0.00","$45,137.90","$5,162.85","$364.85","$49.80","$24.55","$14.60"
"1018","20130820","17","26","38","7","36","45","9","44","41","$0.00","$21,963.95","$4,955.60","$356.40","$47.85","$24.00","$15.65"
"1019","20130827","7","31","19","28","18","33","37","10","21","$0.00","$65,243.05","$4,070.40","$300.80","$44.00","$22.05","$13.20"
"1020","20130903","26","31","8","22","23","28","18","34","7","$22,236,652.87","$25,449.50","$3,516.50","$293.20","$40.10","$21.05","$13.55"
"1021","20130910","21","20","29","40","12","37","18","13","8","$0.00","$0.00","$7,010.25","$294.15","$50.10","$23.60","$13.35"
"1022","20130917","27","8","41","31","24","9","44","13","38","$5,000,000.00","$30,745.10","$5,934.25","$355.15","$51.10","$25.30","$14.65"
"1023","20130924","20","43","10","33","14","42","37","9","40","$0.00","$40,128.25","$6,355.15","$377.70","$52.30","$26.10","$16.55"
"1024","20131001","36","42","1","27","8","11","12","13","9","$0.00","$19,889.30","$4,094.85","$291.70","$41.75","$21.25","$12.45"
"1025","20131008","32","45","38","24","5","39","28","29","30","$0.00","$28,202.80","$5,924.95","$389.85","$52.95","$25.55","$15.80"
"1026","20131015","2","10","39","22","18","5","36","1","11","$0.00","$56,817.20","$3,279.70","$317.75","$41.80","$22.85","$14.00"
"1027","20131022","7","21","15","42","24","28","20","8","40","$20,000,000.00","$66,714.35","$3,962.10","$390.25","$44.40","$21.95","$14.20"
"1028","20131029","45","43","32","39","29","7","13","36","16","$0.00","$39,054.15","$4,231.85","$356.50","$42.00","$22.70","$15.30"
"1029","20131105","17","45","10","37","18","3","6","25","19","$0.00","$23,996.40","$4,491.30","$338.75","$48.95","$23.40","$13.60"
"1030","20131112","6","36","5","38","8","29","30","43","16","$0.00","$157,703.30","$4,774.75","$427.05","$53.20","$23.95","$14.65"
"1031","20131119","44","7","37","9","30","42","19","11","33","$0.00","$47,494.30","$3,343.00","$348.60","$44.00","$22.70","$14.00"
"1032","20131126","31","26","12","24","40","6","5","11","43","$0.00","$57,805.95","$3,633.95","$351.75","$45.90","$22.95","$14.55"
"1033","20131203","21","33","20","23","40","2","19","18","44","$0.00","$50,101.20","$4,550.70","$383.00","$48.05","$23.65","$15.05"
"1034","20131210","35","20","38","11","42","9","43","32","8","$0.00","$38,179.80","$4,188.00","$365.70","$46.30","$23.80","$15.05"
"1035","20131217","26","24","20","17","34","39","36","22","23","$70,000,000.00","$39,813.25","$4,127.90","$315.25","$46.65","$23.80","$14.70"
"1036","20131224","4","6","36","22","24","42","33","7","16","$0.00","$45,661.60","$4,087.35","$307.95","$44.15","$24.00","$14.90"
"1037","20131231","13","41","4","9","36","14","7","43","44","$0.00","$55,465.55","$6,172.65","$392.85","$45.25","$22.10","$15.30"
"1038","20140107","28","17","19","14","21","20","29","1","45","$10,000,000.00","$28,420.85","$3,476.05","$341.30","$38.50","$20.85","$14.15"
"1039","20140114","40","22","45","21","36","44","24","4","38","$0.00","$21,833.05","$3,669.40","$355.65","$50.55","$25.35","$14.95"
"1040","20140121","31","23","7","42","1","29","16","30","15","$0.00","$105,729.10","$4,732.10","$365.85","$46.90","$23.40","$15.00"
"1041","20140128","4","25","31","26","14","36","22","30","12","$0.00","$158,406.30","$4,181.15","$348.00","$45.65","$23.30","$14.50"
"1042","20140204","44","43","26","3","39","22","5","8","15","$15,000,000.00","$69,143.65","$4,106.40","$314.20","$48.60","$23.90","$14.50"
"1043","20140211","28","38","22","36","7","15","20","26","21","$0.00","$27,054.85","$4,914.80","$321.85","$43.25","$21.85","$13.60"
"1044","20140218","1","11","30","27","36","4","7","19","25","$0.00","$17,754.10","$2,150.15","$199.65","$29.95","$17.75","$12.10"
"1045","20140225","20","38","34","21","3","16","37","6","13","$0.00","$86,039.15","$4,542.05","$346.40","$48.60","$24.35","$14.65"
"1046","20140304","41","38","30","34","42","24","32","28","13","$0.00","$42,398.50","$3,519.80","$390.35","$50.60","$25.80","$15.60"
"1047","20140311","16","17","22","14","19","43","41","44","7","$0.00","$29,542.70","$5,213.40","$323.20","$48.95","$24.50","$14.75"
"1048","20140318","4","19","24","33","30","2","38","20","3","$30,000,000.00","$50,036.00","$4,318.00","$370.50","$48.65","$23.80","$14.55"
"1049","20140325","45","40","33","16","29","23","15","41","22","$0.00","$27,177.80","$5,086.75","$469.20","$53.30","$25.60","$16.60"
"1050","20140401","31","10","19","40","16","1","21","42","17","$0.00","$48,427.35","$4,637.35","$370.20","$42.10","$21.90","$15.25"
"1051","20140408","24","35","6","25","18","12","19","23","31","$0.00","$28,871.70","$3,962.80","$315.15","$42.20","$21.45","$14.35"
"1052","20140415","35","5","22","27","17","31","29","38","12","$15,000,000.00","$35,146.90","$3,911.40","$318.05","$43.30","$21.75","$14.05"
"1053","20140422","36","5","30","12","4","43","35","40","16","$0.00","$83,026.65","$4,883.90","$422.65","$49.95","$24.55","$15.70"
"1054","20140429","12","7","25","35","10","4","1","33","5","$0.00","$22,483.05","$3,506.70","$234.30","$36.30","$19.60","$12.70"
"1055","20140506","28","11","15","25","3","29","41","4","43","$0.00","$27,526.60","$3,820.60","$362.80","$44.40","$22.10","$14.30"
"1056","20140513","14","26","35","4","6","23","20","40","19","$0.00","$19,253.40","$3,848.50","$317.05","$41.75","$22.30","$14.25"
"1057","20140520","16","5","26","4","31","39","7","32","9","$0.00","$43,294.90","$4,906.60","$335.45","$45.30","$22.95","$14.40"
"1058","20140527","32","12","3","23","40","2","19","6","37","$15,000,000.00","$20,667.10","$4,073.95","$323.65","$44.75","$22.95","$14.35"
"1059","20140603","21","35","40","20","14","5","8","22","41","$0.00","$83,910.20","$4,017.60","$337.80","$42.50","$21.60","$15.05"
"1060","20140610","16","44","2","17","1","32","34","35","5","$5,000,000.00","$94,426.65","$6,075.25","$392.10","$57.40","$27.25","$16.60"
"1061","20140617","7","41","1","3","36","23","37","32","10","$0.00","$20,804.15","$4,178.75","$381.45","$46.00","$22.95","$14.95"
"1062","20140624","36","12","32","41","40","8","26","10","2","$0.00","$23,817.40","$3,922.85","$304.75","$48.35","$24.20","$15.35"
"1063","20140701","10","19","44","20","15","1","11","28","4","$10,000,000.00","$30,360.10","$3,765.45","$249.60","$40.70","$21.25","$12.45"
"1064","20140708","39","42","14","30","41","28","7","34","8","$0.00","$82,150.35","$4,228.35","$428.50","$43.35","$23.30","$15.55"
"1065","20140715","14","10","37","22","1","29","3","15","13","$0.00","$0.00","$4,790.90","$311.55","$43.45","$21.90","$13.65"
"1066","20140722","17","16","19","35","24","25","3","33","14","$0.00","$75,774.20","$3,670.70","$355.00","$46.45","$22.65","$14.65"
"1067","20140729","43","15","30","38","10","1","31","22","35","$7,500,000.00","$25,859.15","$3,618.20","$342.85","$50.10","$24.85","$15.15"
"1068","20140805","21","9","42","33","3","35","25","16","38","$0.00","$15,551.70","$5,929.30","$377.65","$49.35","$23.95","$16.00"
"1069","20140812","32","41","5","37","3","29","43","16","36","$0.00","$0.00","$10,779.25","$457.60","$53.30","$26.40","$16.50"
"1070","20140819","33","5","41","7","31","1","43","38","42","$0.00","$70,431.95","$4,084.70","$437.40","$46.00","$23.80","$16.20"
"1071","20140826","4","26","3","12","2","17","32","22","8","$15,000,000.00","$24,834.25","$4,511.40","$282.75","$44.15","$22.10","$12.85"
"1072","20140902","9","40","29","1","3","15","43","39","18","$0.00","$43,175.25","$5,228.85","$330.05","$47.90","$22.15","$14.55"
"1073","20140909","44","38","28","43","25","15","23","8","41","$0.00","$21,390.90","$4,077.80","$326.35","$49.35","$25.00","$15.10"
"1074","20140916","36","13","33","45","34","15","31","2","32","$0.00","$28,349.40","$4,559.90","$375.20","$51.15","$25.10","$16.35"
"1075","20140923","43","39","6","16","15","35","22","40","2","$15,000,000.00","$28,648.95","$3,932.20","$403.55","$50.25","$25.25","$15.85"
"1076","20140930","40","14","34","27","10","30","36","17","4","$0.00","$19,250.50","$2,830.95","$263.85","$40.70","$22.95","$14.55"
"1077","20141007","6","15","23","28","20","19","3","2","31","$5,000,000.00","$89,443.20","$3,121.15","$258.75","$35.25","$19.50","$13.20"
"1078","20141014","45","38","21","24","17","3","12","19","2","$0.00","$24,722.30","$5,265.40","$388.75","$44.75","$23.45","$14.15"
"1079","20141021","17","19","6","14","32","34","25","41","5","$0.00","$25,368.80","$4,096.45","$353.45","$47.05","$24.45","$15.65"
"1080","20141028","38","40","21","9","22","6","20","18","2","$0.00","$70,676.05","$5,596.50","$355.50","$48.70","$23.95","$14.25"
"1081","20141104","25","14","13","31","23","18","21","38","2","$15,000,000.00","$34,154.55","$2,663.55","$323.45","$41.75","$22.30","$14.55"
"1082","20141111","43","25","10","33","2","41","21","4","31","$0.00","$0.00","$10,878.85","$374.85","$56.60","$26.10","$15.90"
"1083","20141118","29","38","44","14","37","28","30","9","34","$0.00","$52,227.35","$4,575.60","$374.90","$50.25","$25.25","$15.40"
"1084","20141125","8","9","13","24","42","16","25","33","4","$0.00","$52,281.95","$4,892.70","$325.65","$44.40","$22.35","$14.00"
"1085","20141202","1","45","35","36","29","15","21","19","40","$0.00","$96,866.20","$4,584.60","$344.75","$47.70","$23.20","$14.15"
"1086","20141209","7","21","42","13","43","25","15","22","27","$0.00","$50,741.75","$3,482.30","$314.55","$45.60","$22.60","$13.85"
"1087","20141216","25","21","11","42","20","45","4","23","1","$30,000,000.00","$64,735.70","$5,126.15","$334.70","$48.60","$23.30","$14.30"
"1088","20141223","17","37","19","13","25","6","34","45","12","$0.00","$27,303.95","$3,921.90","$345.55","$40.75","$22.15","$14.80"
"1089","20141230","35","41","7","43","26","4","19","31","23","$0.00","$29,366.00","$3,358.85","$272.75","$47.75","$23.15","$14.00"
"1090","20150106","39","40","6","2","35","19","11","22","8","$0.00","$25,889.10","$3,853.10","$282.60","$46.40","$22.80","$13.85"
"1091","20150113","24","44","40","33","36","23","38","20","37","$0.00","$70,523.65","$4,444.75","$385.55","$48.45","$24.50","$15.30"
"1092","20150120","28","20","15","14","34","31","2","42","29","$10,000,000.00","$38,365.20","$4,253.15","$327.95","$44.65","$23.25","$14.85"
"1093","20150127","40","7","35","31","9","30","1","13","39","$0.00","$16,413.90","$4,446.50","$321.85","$46.05","$23.00","$14.25"
"1094","20150203","10","5","7","2","12","36","11","4","14","$5,000,000.00","$18,056.90","$2,506.25","$180.10","$31.05","$18.10","$11.85"
"1095","20150210","6","42","36","39","40","32","44","38","28","$0.00","$15,316.65","$3,354.70","$213.40","$53.05","$25.75","$16.45"
"1096","20150217","31","38","4","30","19","25","2","22","11","$5,000,000.00","$0.00","$6,680.55","$319.20","$49.75","$23.70","$13.60"
"1097","20150224","3","4","21","31","23","18","6","26","37","$0.00","$38,257.55","$3,150.60","$284.25","$37.90","$20.05","$13.95"
"1098","20150303","5","26","43","31","20","23","19","21","35","$5,000,000.00","$52,481.85","$4,155.80","$337.80","$41.25","$21.75","$14.05"
"1099","20150310","25","22","5","36","27","45","3","44","41","$0.00","$76,592.45","$4,043.35","$366.95","$41.55","$21.75","$15.75"
"1100","20150317","15","29","5","16","42","14","4","36","10","$0.00","$32,006.45","$5,814.30","$389.55","$46.05","$23.85","$14.55"
"1101","20150324","4","33","16","28","45","11","24","44","41","$0.00","$21,429.30","$4,411.90","$366.95","$45.15","$22.85","$15.35"
"1102","20150331","16","17","44","32","29","4","3","33","34","$0.00","$19,934.30","$3,908.70","$319.80","$45.65","$23.90","$15.25"
"1103","20150407","42","14","26","11","22","10","36","45","34","$0.00","$31,089.70","$3,938.95","$325.10","$42.35","$22.45","$15.30"
"1104","20150414","33","24","2","42","45","12","3","19","6","$20,000,000.00","$21,149.35","$4,394.20","$316.60","$48.00","$24.00","$14.55"
"1105","20150421","25","8","2","28","33","37","10","1","41","$0.00","$16,205.75","$4,390.10","$379.65","$47.75","$23.20","$14.70"
"1106","20150428","35","41","2","34","29","30","45","19","3","$0.00","$51,400.25","$5,162.15","$379.25","$54.50","$26.85","$15.45"
"1107","20150505","37","2","17","18","29","45","21","11","38","$0.00","$146,689.80","$3,020.10","$331.90","$44.60","$23.30","$14.75"
"1108","20150512","27","24","30","28","33","13","43","4","25","$0.00","$37,017.15","$4,536.40","$317.60","$43.60","$22.85","$14.35"
"1109","20150519","16","25","14","2","27","6","4","45","21","$0.00","$37,735.25","$3,674.55","$250.85","$41.60","$21.75","$14.25"
"1110","20150526","26","9","42","39","32","40","44","11","4","$30,000,000.00","$24,363.35","$3,228.10","$357.15","$44.25","$23.95","$15.45"
"1111","20150602","2","30","33","18","21","37","17","32","43","$0.00","$86,669.60","$4,149.70","$370.05","$50.50","$24.95","$16.30"
"1112","20150609","15","32","7","21","14","5","10","16","31","$0.00","$14,881.50","$3,574.45","$298.90","$38.75","$20.35","$13.75"
"1113","20150616","7","40","8","20","17","4","30","28","45","$0.00","$26,027.45","$2,679.30","$277.45","$35.30","$20.00","$13.60"
"1114","20150623","36","2","5","45","19","27","9","41","7","$15,000,000.00","$48,509.65","$2,594.10","$250.25","$36.00","$20.70","$13.45"
"1115","20150630","22","29","33","10","13","11","2","9","8","$0.00","$41,399.95","$3,479.00","$228.30","$35.75","$19.55","$11.85"
"1116","20150707","11","23","1","36","19","17","27","40","45","$0.00","$49,758.70","$2,845.70","$262.75","$35.50","$19.15","$13.95"
"1117","20150714","33","34","30","38","2","44","15","20","8","$0.00","$47,263.80","$5,121.45","$355.75","$54.30","$25.75","$15.05"
"1118","20150721","21","26","30","3","13","20","33","17","37","$0.00","$28,575.20","$3,676.95","$291.85","$39.70","$21.10","$14.05"
"1119","20150728","25","38","14","36","33","20","18","19","6","$0.00","$33,793.80","$4,728.45","$358.85","$48.40","$24.10","$14.75"
"1120","20150804","14","19","40","9","44","8","41","18","4","$0.00","$24,010.50","$4,284.25","$337.25","$45.50","$23.10","$14.45"
"1121","20150811","1","15","4","32","11","9","37","44","34","$0.00","$50,113.60","$5,002.45","$345.95","$47.75","$23.35","$15.45"
"1122","20150818","6","32","42","3","25","7","29","22","2","$20,000,000.00","$51,395.10","$3,336.45","$335.30","$43.90","$22.75","$14.20"
"1123","20150825","15","21","34","25","45","18","19","30","1","$0.00","$29,078.00","$4,605.10","$309.95","$51.45","$24.00","$14.20"
"1124","20150901","24","13","25","43","18","22","45","12","35","$5,000,000.00","$25,557.20","$3,692.50","$400.90","$52.10","$24.70","$15.00"
"1125","20150908","38","4","13","21","9","37","24","28","34","$0.00","$27,442.10","$4,985.15","$319.30","$49.60","$23.65","$14.70"
"1126","20150915","33","29","2","1","19","43","13","31","9","$0.00","$26,925.35","$3,464.65","$233.70","$40.45","$21.30","$13.55"
"1127","20150922","27","42","21","23","35","37","44","28","32","$0.00","$55,516.05","$4,762.40","$321.80","$43.60","$22.90","$14.85"
"1128","20150929","34","26","1","10","12","3","42","4","20","$15,000,000.00","$51,057.15","$4,570.35","$314.75","$46.15","$23.40","$14.45"
"1129","20151006","26","13","7","36","21","2","42","40","29","$0.00","$38,778.40","$2,129.00","$260.70","$33.25","$19.80","$13.95"
"1130","20151013","36","37","28","41","29","32","34","30","9","$0.00","$99,526.10","$4,454.50","$360.90","$48.55","$26.60","$16.80"
"1131","20151020","21","11","43","10","35","9","45","41","40","$0.00","$23,532.20","$4,338.70","$358.50","$48.95","$23.75","$15.50"
"1132","20151027","18","30","44","10","5","3","11","31","42","$0.00","$32,411.50","$3,925.25","$361.25","$40.65","$20.90","$14.75"
"1133","20151103","30","19","40","37","5","32","31","44","24","$0.00","$55,503.75","$4,712.25","$394.40","$48.45","$24.35","$15.45"
"1134","20151110","22","23","36","34","20","25","33","21","13","$35,000,000.00","$19,480.25","$3,145.60","$309.30","$43.35","$23.15","$14.60"
"1135","20151117","19","5","26","29","39","16","32","4","1","$0.00","$84,711.40","$3,059.75","$289.35","$43.00","$22.65","$14.50"
"1136","20151124","25","22","24","9","12","30","1","6","39","$0.00","$21,716.95","$3,548.55","$291.80","$40.85","$21.70","$14.20"
"1137","20151201","13","15","29","8","7","5","14","28","27","$0.00","$11,292.65","$2,184.55","$234.45","$34.30","$19.15","$12.15"
"1138","20151208","19","14","30","8","36","40","11","5","16","$0.00","$45,680.20","$2,962.10","$298.55","$40.20","$21.75","$13.80"
"1139","20151215","44","20","37","4","8","33","6","2","1","$0.00","$121,899.85","$5,703.85","$323.10","$46.65","$23.45","$14.20"
"1140","20151222","27","44","26","20","10","29","34","19","2","$30,000,000.00","$35,683.10","$4,664.45","$332.50","$44.20","$22.55","$14.15"
"1141","20151229","4","35","9","43","28","37","16","20","3","$0.00","$39,061.20","$5,361.35","$395.80","$52.10","$25.70","$15.25"
"1142","20160105","19","33","18","25","37","31","43","13","34","$0.00","$19,139.00","$3,518.20","$256.50","$48.00","$24.55","$14.50"
"1143","20160112","35","43","10","24","17","9","34","8","33","$0.00","$63,325.45","$4,160.95","$378.80","$51.05","$25.40","$15.45"
"1144","20160119","13","25","34","31","10","12","1","38","15","$0.00","$43,705.95","$5,112.65","$385.65","$46.70","$23.35","$14.95"
"1145","20160126","13","24","35","26","23","41","5","9","34","$0.00","$62,263.90","$4,661.45","$376.70","$47.90","$23.75","$15.30"
"1146","20160202","5","7","9","44","22","2","19","36","28","$30,000,000.00","$25,435.25","$2,869.40","$260.85","$35.30","$19.80","$13.60"
"1147","20160209","22","6","35","37","11","30","40","16","9","$0.00","$0.00","$4,734.70","$389.50","$46.85","$24.05","$15.45"
"1148","20160216","15","22","13","33","45","37","28","21","27","$0.00","$21,719.05","$5,199.50","$340.20","$48.45","$23.75","$13.95"
"1149","20160223","1","22","21","39","5","18","36","7","38","$0.00","$27,799.30","$4,040.05","$321.10","$47.45","$23.20","$14.15"
"1150","20160301","20","30","32","27","3","41","5","40","15","$0.00","$27,298.10","$4,014.45","$338.90","$46.10","$23.30","$14.50"
"1151","20160308","35","44","45","24","9","21","1","10","6","$0.00","$82,239.75","$4,495.15","$365.85","$48.25","$24.20","$14.80"
"1152","20160315","2","37","13","32","12","8","38","11","23","$0.00","$34,711.70","$4,648.15","$360.75","$48.05","$23.85","$14.25"
"1153","20160322","38","32","37","9","17","19","1","22","41","$40,000,000.00","$31,761.00","$4,701.25","$385.75","$50.00","$24.25","$15.00"
"1154","20160329","12","38","39","9","3","26","33","23","44","$0.00","$41,365.00","$5,677.55","$336.90","$49.15","$24.05","$14.85"
"1155","20160405","17","37","44","15","2","3","28","18","4","$2,500,000.00","$57,497.50","$3,881.20","$394.05","$49.60","$24.30","$14.50"
"1156","20160412","31","35","42","39","18","23","43","37","5","$0.00","$41,539.70","$4,171.85","$330.70","$51.10","$25.50","$15.55"
"1157","20160419","25","33","40","5","29","42","22","39","21","$0.00","$50,832.85","$4,360.65","$410.85","$51.40","$25.00","$15.80"
"1158","20160426","19","41","6","15","45","1","5","20","3","$0.00","$26,151.55","$2,692.05","$281.40","$39.50","$21.70","$13.20"
"1159","20160503","11","42","20","18","9","33","30","27","2","$0.00","$52,076.90","$3,784.15","$318.10","$45.60","$23.25","$13.80"
"1160","20160510","21","44","26","27","22","36","20","32","25","$0.00","$27,375.90","$4,157.85","$320.10","$45.75","$23.05","$15.05"
"1161","20160517","5","24","18","42","44","10","21","3","35","$0.00","$34,867.45","$4,168.20","$351.60","$46.00","$23.40","$14.65"
"1162","20160524","22","32","25","11","38","4","5","20","40","$40,000,000.00","$20,116.05","$3,982.25","$323.45","$44.00","$22.50","$14.50"
"1163","20160531","23","9","15","33","44","21","6","1","29","$2,051,774.06","$29,073.85","$5,130.70","$318.45","$43.75","$23.20","$14.30"
"1164","20160607","34","22","14","8","6","16","29","38","19","$0.00","$84,350.90","$3,618.00","$298.70","$42.05","$21.60","$13.70"
"1165","20160614","20","45","29","18","22","25","44","40","36","$0.00","$49,150.75","$4,936.25","$394.25","$46.25","$23.70","$14.95"
"1166","20160621","36","44","2","42","28","5","16","25","22","$0.00","$54,928.35","$4,294.45","$310.45","$49.30","$24.40","$14.65"
"1167","20160628","11","13","32","24","16","19","44","26","38","$0.00","$41,243.65","$4,203.65","$368.20","$47.25","$23.25","$14.80"
"1168","20160705","43","41","37","14","9","2","31","1","17","$20,000,000.00","$44,035.50","$4,184.35","$311.20","$48.70","$24.55","$15.20"
"1169","20160712","24","28","39","1","11","19","29","38","37","$0.00","$41,842.20","$3,828.70","$324.55","$41.00","$20.85","$14.60"
"1170","20160719","22","34","7","4","32","45","41","23","36","$0.00","$52,306.30","$4,141.90","$385.95","$51.35","$25.40","$15.60"
"1171","20160726","38","30","31","22","4","11","1","25","26","$0.00","$27,654.80","$5,176.05","$318.30","$43.45","$21.60","$13.70"
"1172","20160802","45","7","8","27","31","33","1","2","41","$0.00","$167,080.75","$3,510.10","$314.25","$39.70","$20.70","$13.65"
"1173","20160809","26","13","33","2","18","11","41","34","6","$0.00","$23,769.50","$3,707.35","$347.15","$44.15","$22.80","$14.60"
"1174","20160816","24","36","9","11","44","27","20","10","31","$0.00","$39,039.60","$3,653.45","$337.45","$43.50","$21.95","$14.00"
"1175","20160823","21","5","32","15","45","36","1","31","9","$20,000,000.00","$34,299.05","$3,501.60","$319.25","$43.60","$22.70","$14.30"
"1176","20160830","16","33","27","9","12","43","22","15","31","$0.00","$27,781.55","$3,574.85","$292.20","$42.25","$22.35","$14.60"
"1177","20160906","27","29","37","44","39","8","16","43","38","$0.00","$56,253.20","$4,289.45","$374.60","$46.30","$23.30","$15.30"
"1178","20160913","42","19","30","29","1","3","44","28","23","$10,000,000.00","$85,518.65","$4,294.35","$370.35","$48.00","$22.65","$13.85"
"1179","20160920","39","4","31","33","34","12","27","20","36","$0.00","$41,880.90","$3,748.95","$368.00","$49.20","$24.40","$14.65"
"1180","20160927","45","13","32","36","3","26","21","31","14","$0.00","$26,096.40","$2,791.05","$314.00","$39.90","$21.65","$14.65"
"1181","20161004","10","14","4","3","28","41","12","32","5","$0.00","$28,484.70","$4,188.95","$306.50","$41.95","$21.25","$13.80"
"1182","20161011","25","3","8","38","18","21","27","23","35","$7,500,000.00","$16,788.05","$3,388.60","$256.15","$39.60","$20.25","$13.30"
"1183","20161018","43","37","23","6","9","3","13","38","32","$2,000,000.00","$81,158.45","$1,358.45","$290.30","$27.70","$19.15","$15.20"
"1184","20161025","20","8","37","33","5","34","36","40","17","$0.00","$19,246.20","$4,528.50","$397.65","$54.15","$24.15","$14.90"
"1185","20161101","17","22","43","6","27","41","9","8","36","$0.00","$101,271.85","$4,255.10","$350.40","$45.60","$22.70","$13.95"
"1186","20161108","42","5","7","36","22","2","13","23","18","$0.00","$29,425.55","$3,334.80","$279.00","$42.70","$23.05","$14.50"
"1187","20161115","7","26","27","11","18","15","16","30","21","$5,000,000.00","$35,933.95","$4,035.35","$298.40","$43.55","$22.55","$13.85"
"1188","20161122","32","31","11","30","17","45","43","10","7","$2,100,569.11","$44,674.35","$6,131.80","$414.95","$62.85","$29.10","$16.40"
"1189","20161129","31","32","12","35","28","22","42","39","1","$0.00","$43,626.85","$3,742.50","$388.20","$48.55","$25.85","$17.45"
"1190","20161206","35","30","17","43","34","45","15","14","23","$0.00","$27,222.65","$6,793.55","$417.75","$57.70","$27.70","$17.70"
"1191","20161213","44","31","37","17","20","34","39","29","24","$10,000,000.00","$24,954.30","$4,533.20","$411.75","$51.70","$27.15","$17.10"
"1192","20161220","26","16","14","36","25","29","45","3","7","$0.00","$41,238.40","$3,948.95","$393.35","$53.95","$27.25","$15.35"
"1193","20161227","27","7","35","34","25","33","28","38","41","$2,500,000.00","$0.00","$4,430.75","$454.45","$42.90","$25.80","$17.40"
"1194","20170103","1","27","17","12","24","15","23","41","29","$0.00","$75,771.15","$4,216.20","$382.05","$47.10","$23.15","$15.85"
"1195","20170110","34","2","43","18","12","17","41","16","22","$0.00","$39,205.00","$4,656.70","$420.70","$58.25","$28.20","$16.75"
"1196","20170117","39","31","7","37","2","22","21","40","1","$0.00","$46,522.85","$4,561.05","$398.85","$48.15","$24.80","$16.25"
"1197","20170124","17","24","43","31","20","34","27","29","6","$0.00","$36,636.20","$4,269.50","$331.55","$48.00","$25.00","$15.65"
"1198","20170131","24","3","8","38","18","20","30","44","21","$0.00","$15,024.55","$3,893.65","$329.15","$44.30","$23.90","$15.80"
"1199","20170207","20","32","4","8","29","37","40","7","17","$15,000,000.00","$38,039.65","$4,433.05","$351.95","$48.95","$25.15","$15.65"
"1200","20170214","7","39","45","38","1","30","9","28","14","$0.00","$94,270.40","$6,065.20","$428.40","$52.35","$26.05","$16.40"
"1201","20170221","19","28","31","5","45","41","9","1","37","$0.00","$28,477.55","$4,264.00","$308.45","$48.90","$24.70","$15.00"
"1202","20170228","2","37","26","17","42","33","27","44","4","$10,000,000.00","$24,724.55","$5,018.65","$359.30","$50.10","$25.65","$16.40"
"1203","20170307","21","18","17","6","37","33","4","1","8","$0.00","$87,777.75","$4,755.75","$353.40","$50.65","$25.35","$15.15"
"1204","20170314","10","14","25","6","31","2","28","33","8","$0.00","$22,208.00","$4,010.75","$274.70","$41.80","$23.15","$15.10"
"1205","20170321","27","25","44","33","6","15","31","26","19","$0.00","$76,995.35","$5,661.40","$404.60","$50.60","$25.60","$15.95"
"1206","20170328","12","39","45","41","37","22","23","20","18","$15,000,000.00","$91,228.85","$3,183.45","$392.65","$53.40","$26.85","$16.95"
"1207","20170404","6","8","36","45","33","23","1","43","27","$0.00","$87,025.15","$5,269.70","$387.15","$45.95","$24.50","$15.65"
"1208","20170411","25","23","38","45","21","28","1","2","33","$0.00","$28,516.45","$4,120.00","$398.60","$50.75","$25.55","$16.60"
"1209","20170418","42","13","33","44","39","29","27","15","31","$3,333,333.34","$38,243.95","$3,749.40","$385.65","$47.15","$25.25","$16.25"
"1210","20170425","11","41","28","43","45","37","27","4","31","$0.00","$72,150.60","$4,369.00","$372.65","$44.90","$23.85","$15.75"
"1211","20170502","28","22","9","19","38","17","2","41","33","$0.00","$50,625.25","$3,860.30","$339.25","$46.20","$22.95","$16.75"
"1212","20170509","1","15","45","16","3","20","33","39","12","$0.00","$34,625.25","$3,960.40","$360.30","$50.15","$25.35","$16.50"
"1213","20170516","9","21","43","14","22","41","27","4","8","$0.00","$28,792.60","$6,013.80","$326.80","$51.00","$25.85","$15.55"
"1214","20170523","4","2","12","22","20","17","38","35","16","$0.00","$38,124.60","$4,013.80","$344.70","$45.50","$23.60","$15.85"
"1215","20170530","1","35","31","19","4","13","26","25","37","$40,000,000.00","$61,293.50","$3,711.55","$368.45","$46.20","$23.85","$15.45"
"1216","20170606","10","23","11","30","19","34","15","2","26","$0.00","$43,114.60","$4,552.05","$312.70","$45.85","$22.25","$14.05"
"1217","20170613","14","9","2","13","43","10","4","45","12","$0.00","$50,819.45","$4,755.85","$356.35","$47.20","$23.45","$15.35"
"1218","20170620","16","25","28","13","23","17","21","34","2","$0.00","$26,453.15","$3,551.90","$332.10","$41.95","$22.45","$14.95"
"1219","20170627","6","3","8","26","41","40","22","27","32","$0.00","$27,251.00","$3,445.05","$353.75","$48.45","$24.40","$15.55"
"1220","20170704","28","33","37","43","18","35","7","19","21","$0.00","$47,941.00","$4,372.90","$324.50","$48.30","$23.85","$14.45"
"1221","20170711","30","40","37","39","36","4","22","35","14","$0.00","$40,835.60","$4,718.40","$372.15","$53.60","$25.65","$16.05"
