Format: Draw Number, Draw Date (yyyymmdd), Winning Number 1, 2, 3, 4, 5, 6, Supplementary 1, 2
1,19940222,37,43,15,19,40,4,36,8
2,19940301,34,31,11,20,3,42,8,40
3,19940308,7,44,9,6,45,28,42,35
4,19940315,5,20,30,44,23,29,22,13
5,19940322,10,40,38,16,20,13,9,32
6,19940329,1,16,2,15,38,41,18,13
7,19940405,33,8,6,11,3,36,2,16
8,19940412,40,21,4,45,3,22,10,1
9,19940419,36,15,30,6,28,7,24,42
10,19940426,9,5,13,33,29,12,30,3
11,19940503,1,33,41,18,15,31,37,39
12,19940510,15,4,6,8,36,17,20,45
13,19940517,33,39,13,14,22,23,3,24
14,19940524,42,40,1,16,29,30,8,20
15,19940531,24,9,40,17,11,38,6,21
16,19940607,19,36,2,35,9,18,15,43
17,19940614,29,13,31,24,30,41,9,4
18,19940621,34,20,38,43,26,12,23,17
19,19940628,24,21,7,19,17,36,5,23
20,19940705,29,11,26,3,13,6,31,27
21,19940712,12,18,20,23,41,10,33,2
22,19940719,34,13,39,2,9,37,35,11
23,19940726,2,30,34,7,9,26,42,25
24,19940802,3,31,39,11,25,12,40,27
25,19940809,6,24,4,25,31,29,22,9
26,19940816,17,45,10,20,18,30,22,38
27,19940823,36,22,5,1,9,17,4,28
28,19940830,35,11,39,32,2,36,21,31
29,19940906,16,40,12,33,11,24,5,26
30,19940913,32,24,11,33,21,28,13,14
31,19940920,21,7,6,25,9,39,14,44
32,19940927,24,32,17,29,37,6,31,1
33,19941004,16,21,3,37,15,9,27,39
34,19941011,31,20,25,39,16,26,21,1
35,19941018,29,1,14,18,19,3,34,44
36,19941025,30,8,43,34,35,13,37,31
37,19941101,35,38,19,17,32,4,9,7
38,19941108,32,35,30,24,22,11,17,44
39,19941115,26,31,43,35,8,37,42,15
40,19941122,7,40,34,43,31,14,11,22
41,19941129,4,36,43,27,45,21,38,42
42,19941206,34,38,18,2,24,43,42,12
43,19941213,12,8,27,15,11,22,10,29
44,19941220,24,41,10,31,4,22,42,34
45,19941227,30,11,13,29,14,45,3,9
46,19950103,40,24,9,35,41,17,42,43
47,19950110,45,40,13,34,18,4,35,16
48,19950117,20,28,22,33,18,10,4,42
49,19950124,4,41,35,15,9,33,8,17
50,19950131,22,30,5,17,25,11,35,24
51,19950207,43,38,22,33,18,17,23,8
52,19950214,6,16,34,15,28,18,17,36
53,19950221,35,30,26,43,9,11,32,28
54,19950228,1,8,13,12,5,17,20,35
55,19950307,23,20,12,10,34,28,8,11
56,19950314,7,9,15,1,38,29,22,34
57,19950321,27,4,28,36,2,42,3,37
58,19950328,1,14,12,21,4,32,11,18
59,19950404,32,19,18,38,35,36,42,23
60,19950411,39,28,29,20,4,5,40,33
61,19950418,17,7,26,2,36,3,28,38
62,19950425,16,14,9,20,3,34,18,38
63,19950502,34,15,16,3,25,30,33,41
64,19950509,14,20,45,12,28,27,4,11
65,19950516,11,28,31,27,30,32,12,24
66,19950523,27,35,14,41,18,22,40,4
67,19950530,24,4,2,22,6,29,5,23
68,19950606,6,9,10,39,21,20,45,7
69,19950613,37,29,27,19,28,45,14,35
70,19950620,29,31,9,19,41,23,40,8
71,19950627,32,18,2,16,15,3,28,34
72,19950704,28,33,8,32,14,13,10,26
73,19950711,8,36,12,30,31,16,20,29
74,19950718,12,40,33,42,3,8,35,23
75,19950725,34,36,29,37,43,21,35,7
76,19950801,33,36,37,25,44,45,8,20
77,19950808,18,20,8,39,34,16,36,7
78,19950815,30,15,26,13,21,43,27,35
79,19950822,28,7,42,33,24,44,23,16
80,19950829,24,12,36,35,28,5,7,18
81,19950905,34,16,38,2,3,15,39,42
82,19950912,12,43,22,16,32,26,27,2
83,19950919,5,4,45,35,10,23,8,28
84,19950926,17,25,40,15,30,3,29,32
85,19951003,1,20,31,44,24,9,8,17
86,19951010,39,21,13,20,9,12,40,14
87,19951017,33,12,2,24,5,37,32,25
88,19951024,40,43,9,29,27,25,23,4
89,19951031,4,45,18,44,1,38,3,8
90,19951107,21,26,22,15,13,8,42,38
91,19951114,23,31,45,20,40,3,12,5
92,19951121,5,31,18,6,24,20,22,26
93,19951128,2,20,45,8,16,13,10,17
94,19951205,39,24,19,7,38,2,18,36
95,19951212,30,26,2,29,25,12,6,28
96,19951219,8,31,35,43,25,14,34,44
97,19951226,16,19,1,39,33,13,27,28
98,19960102,35,33,25,27,31,17,14,9
99,19960109,11,20,30,32,45,13,1,10
100,19960116,32,45,14,34,10,30,26,37
101,19960123,9,2,6,42,34,19,38,32
102,19960130,25,11,30,20,19,4,24,21
103,19960206,3,10,11,18,43,15,7,42
104,19960213,14,17,18,39,38,4,32,26
105,19960220,8,39,4,38,9,26,32,22
106,19960227,7,33,44,4,43,45,16,1
107,19960305,7,10,41,31,21,6,14,33
108,19960312,34,4,40,21,9,31,12,5
109,19960319,43,34,4,13,3,37,2,42
110,19960326,29,1,19,3,43,10,18,45
111,19960402,28,30,14,10,26,23,13,40
112,19960409,9,21,37,35,36,28,18,30
113,19960416,27,40,7,28,44,14,20,41
114,19960423,34,27,4,44,37,30,26,29
115,19960430,22,26,10,12,19,34,37,15
116,19960507,39,43,35,24,22,19,23,6
117,19960514,28,21,10,1,40,38,3,9
118,19960521,9,28,27,18,29,39,2,5
119,19960528,43,39,37,3,31,2,24,29
120,19960604,35,26,11,45,36,27,5,3
121,19960611,41,4,17,1,36,23,26,44
122,19960618,24,22,36,3,9,6,42,5
123,19960625,7,34,1,27,22,9,35,40
124,19960702,37,9,18,33,32,44,21,25
125,19960709,1,29,7,44,37,5,4,45
126,19960716,2,30,4,27,28,15,7,10
127,19960723,11,25,19,39,44,7,30,17
128,19960730,26,27,42,16,21,2,7,31
129,19960806,38,26,3,24,33,29,31,4
130,19960813,28,19,23,18,11,8,24,17
131,19960820,34,45,33,21,41,43,11,17
132,19960827,4,19,28,6,42,1,15,27
133,19960903,19,12,6,27,43,39,1,42
134,19960910,1,34,28,41,29,9,11,10
135,19960917,40,38,25,31,26,36,18,15
136,19960924,43,33,23,41,16,22,34,32
137,19961001,20,38,7,5,13,3,4,24
138,19961008,20,41,11,40,30,26,10,37
139,19961015,17,19,23,13,7,11,28,18
140,19961022,21,31,17,25,41,27,44,38
141,19961029,7,37,10,4,27,32,45,34
142,19961105,43,24,18,45,42,2,31,4
143,19961112,32,38,33,18,1,39,19,31
144,19961119,16,5,3,17,45,43,20,28
145,19961126,22,31,40,13,44,9,11,35
146,19961203,25,15,9,42,1,27,28,10
147,19961210,40,11,30,24,4,44,38,17
148,19961217,8,35,29,42,37,26,11,43
149,19961224,31,37,22,9,29,20,2,39
150,19961231,24,19,4,13,30,39,5,42
151,19970107,6,10,7,19,11,35,17,2
152,19970114,15,29,19,26,39,28,41,32
153,19970121,31,15,22,20,18,21,45,36
154,19970128,37,45,43,9,40,14,29,2
155,19970204,14,35,42,11,28,27,17,38
156,19970211,45,28,19,11,7,35,10,42
157,19970218,34,21,43,8,2,24,7,35
158,19970225,33,4,21,29,40,24,35,9
159,19970304,38,27,30,2,35,40,22,34
160,19970311,19,38,20,34,13,18,25,8
161,19970318,15,43,3,34,45,28,44,42
162,19970325,22,34,25,10,11,31,32,18
163,19970401,30,1,10,28,31,29,13,25
164,19970408,44,7,22,35,43,32,33,6
165,19970415,30,16,6,21,22,39,1,23
166,19970422,28,14,13,32,35,24,10,11
167,19970429,14,44,17,6,37,45,21,41
168,19970506,44,35,5,43,45,15,12,42
169,19970513,14,38,44,23,41,34,31,13
170,19970520,29,36,38,44,17,21,20,24
171,19970527,39,24,43,8,14,9,21,26
172,19970603,6,43,23,40,19,35,41,21
173,19970610,35,43,20,2,21,16,26,28
174,19970617,20,32,2,11,10,23,17,18
175,19970624,7,34,31,22,28,5,9,16
176,19970701,15,36,41,4,27,35,24,16
177,19970708,38,3,45,20,39,27,33,37
178,19970715,5,42,31,41,18,12,45,11
179,19970722,24,30,36,43,14,11,22,19
180,19970729,40,28,42,45,38,9,30,29
181,19970805,9,21,27,5,32,14,39,36
182,19970812,32,38,42,39,29,3,37,45
183,19970819,35,41,29,1,39,33,17,6
184,19970826,16,4,38,18,29,3,23,11
185,19970902,31,18,20,33,12,27,15,44
186,19970909,1,18,43,19,9,26,36,4
187,19970916,6,21,29,13,18,33,9,28
188,19970923,28,45,10,37,34,24,30,5
189,19970930,7,27,42,8,30,14,16,13
190,19971007,29,30,18,28,2,41,5,36
191,19971014,34,40,6,2,8,38,12,25
192,19971021,21,27,4,9,2,43,38,42
193,19971028,11,39,4,10,15,1,19,2
194,19971104,40,23,14,11,43,33,13,34
195,19971111,6,41,21,13,37,16,9,39
196,19971118,7,8,21,17,23,34,38,26
197,19971125,16,34,17,29,18,23,27,21
198,19971202,41,29,30,22,18,24,6,23
199,19971209,35,38,5,30,12,43,25,31
200,19971216,6,44,17,42,1,41,19,40
201,19971223,16,43,14,24,38,15,41,7
202,19971230,43,9,29,27,23,28,5,42
203,19980106,15,41,8,13,18,38,21,6
204,19980113,16,12,22,6,21,3,11,29
205,19980120,16,7,41,31,37,12,11,15
206,19980127,38,2,28,10,24,36,43,40
207,19980203,44,41,34,36,18,7,28,33
208,19980210,8,22,17,25,30,19,43,24
209,19980217,21,26,10,13,39,9,6,38
210,19980224,20,10,41,40,16,9,19,18
211,19980303,37,11,42,28,35,10,7,39
212,19980310,39,16,13,30,44,11,25,38
213,19980317,14,7,2,38,28,10,36,20
214,19980324,27,10,21,33,44,45,4,19
215,19980331,29,34,43,28,8,30,37,35
216,19980407,22,45,15,17,7,30,29,23
217,19980414,41,15,28,25,18,45,22,2
218,19980421,27,43,21,44,39,24,42,29
219,19980428,16,14,4,18,32,13,36,20
220,19980505,7,30,6,40,13,28,27,1
221,19980512,1,28,17,44,21,34,3,38
222,19980519,34,11,30,32,19,17,15,33
223,19980526,25,28,26,37,2,12,35,1
224,19980602,1,22,29,7,44,34,36,35
225,19980609,7,40,42,9,13,15,16,39
226,19980616,3,7,8,23,25,26,1,38
227,19980623,42,36,8,33,45,27,17,15
228,19980630,44,31,25,37,38,13,33,18
229,19980707,16,15,1,28,12,40,26,25
230,19980714,9,38,28,26,2,43,15,18
231,19980721,29,38,24,43,12,36,15,10
232,19980728,23,24,37,20,5,17,25,12
233,19980804,1,30,41,32,13,10,9,5
234,19980811,27,2,28,31,26,11,24,10
235,19980818,8,18,30,39,29,10,20,28
236,19980825,1,27,29,37,32,33,12,10
237,19980901,23,12,28,29,19,1,44,11
238,19980908,4,3,27,26,31,1,44,14
239,19980915,44,3,34,21,16,31,14,32
240,19980922,35,24,1,27,17,16,8,7
241,19980929,35,14,39,15,20,2,16,1
242,19981006,5,27,8,32,33,21,29,36
243,19981013,20,26,9,44,8,21,42,38
244,19981020,29,9,33,42,11,1,39,28
245,19981027,6,37,18,42,26,41,24,25
246,19981103,24,7,14,15,44,30,27,5
247,19981110,16,1,7,34,12,23,10,8
248,19981117,19,22,30,42,36,9,16,17
249,19981124,38,44,3,19,11,35,43,23
250,19981201,20,29,9,25,26,35,4,22
251,19981208,40,37,27,3,22,32,41,5
252,19981215,12,37,26,23,17,40,3,15
253,19981222,36,28,17,27,2,30,7,39
254,19981229,40,3,4,9,37,34,29,11
255,19990105,38,1,32,26,23,37,29,21
256,19990112,15,3,1,35,39,17,20,40
257,19990119,43,2,27,16,14,19,21,11
258,19990126,31,5,27,16,8,23,32,44
259,19990202,28,11,4,26,34,38,35,30
260,19990209,40,22,10,16,8,2,32,4
261,19990216,25,39,21,31,13,10,16,12
262,19990223,3,38,1,25,41,34,10,44
263,19990302,23,31,39,40,12,13,37,4
264,19990309,37,43,24,17,36,21,27,15
265,19990316,6,31,14,11,38,8,27,24
266,19990323,29,34,15,2,20,19,31,13
267,19990330,43,27,45,28,30,13,39,40
268,19990406,16,23,17,11,18,12,30,37
269,19990413,6,13,12,40,16,43,30,11
270,19990420,41,37,17,38,9,11,25,43
271,19990427,21,25,38,4,12,7,28,37
272,19990504,23,34,30,18,27,9,6,32
273,19990511,9,36,41,45,15,39,14,2
274,19990518,4,1,29,28,35,14,21,31
275,19990525,40,23,1,17,26,31,28,20
276,19990601,9,24,13,4,40,22,26,42
277,19990608,30,1,29,15,20,4,45,5
278,19990615,3,35,12,11,17,13,18,39
279,19990622,27,26,25,15,8,18,36,31
280,19990629,5,9,12,23,15,39,19,2
281,19990706,26,42,36,11,33,28,43,29
282,19990713,35,1,6,19,12,26,2,23
283,19990720,41,45,11,18,14,16,29,40
284,19990727,4,29,32,3,22,23,40,21
285,19990803,16,29,9,36,45,7,41,38
286,19990810,27,18,9,5,32,24,35,10
287,19990817,18,35,27,28,25,30,16,17
288,19990824,20,6,22,35,25,10,31,36
289,19990831,35,39,26,7,38,15,3,33
290,19990907,34,20,31,42,4,3,16,25
291,19990914,19,42,36,15,32,23,25,40
292,19990921,36,13,20,17,42,3,16,12
293,19990928,11,40,19,17,45,41,28,5
294,19991005,4,21,39,22,28,40,26,5
295,19991012,29,27,1,12,11,41,18,40
296,19991019,27,29,3,32,26,34,4,8
297,19991026,14,13,23,20,38,21,45,2
298,19991102,7,1,44,13,9,15,19,12
299,19991109,8,43,13,10,14,33,4,27
300,19991116,30,15,26,35,2,44,19,1
301,19991123,34,21,37,5,7,24,39,27
302,19991130,34,19,27,24,7,21,20,13
303,19991207,41,45,26,34,4,8,7,42
304,19991214,34,45,39,15,28,9,26,33
305,19991221,30,37,12,25,27,28,43,15
306,19991228,20,5,36,35,11,8,14,32
307,20000104,7,13,41,42,3,14,38,34
308,20000111,20,5,17,33,27,35,37,43
309,20000118,36,39,40,27,35,18,4,13
310,20000125,41,27,8,29,7,10,17,43
311,20000201,2,42,25,10,15,45,39,19
312,20000208,42,19,39,30,45,5,17,38
313,20000215,32,37,7,1,33,22,4,20
314,20000222,39,36,42,33,13,45,20,29
315,20000229,37,20,41,32,12,11,42,38
316,20000307,38,29,45,19,5,15,11,22
317,20000314,32,41,35,38,29,44,8,14
318,20000321,43,28,17,40,15,36,39,37
319,20000328,2,5,19,36,16,27,44,37
320,20000404,43,5,36,15,19,2,35,7
321,20000411,31,37,11,39,17,43,1,44
322,20000418,36,17,11,43,30,4,8,6
323,20000425,16,25,37,8,39,24,32,34
324,20000502,31,22,30,18,14,24,16,43
325,20000509,29,45,16,41,31,25,33,1
326,20000516,10,27,13,28,39,26,43,44
327,20000523,43,19,32,41,7,45,26,18
328,20000530,35,39,45,36,9,34,23,3
329,20000606,39,41,6,42,43,27,11,38
330,20000613,1,42,9,4,38,10,22,20
331,20000620,23,39,13,25,19,35,34,43
332,20000627,13,28,27,23,14,19,31,17
333,20000704,38,10,20,40,41,21,43,25
334,20000711,14,4,16,18,32,35,39,28
335,20000718,33,24,38,4,2,10,39,25
336,20000725,23,36,19,41,16,8,3,32
337,20000801,27,28,35,23,40,39,17,42
338,20000808,17,30,32,35,11,42,27,22
339,20000815,19,25,15,12,39,6,17,5
340,20000822,44,29,30,9,45,10,25,3
341,20000829,37,31,3,18,28,27,16,41
342,20000905,27,29,1,17,30,31,45,41
343,20000912,24,9,21,44,42,14,26,6
344,20000919,43,4,28,6,14,1,18,36
345,20000926,15,25,7,24,20,41,19,34
346,20001003,40,8,27,12,28,24,14,13
347,20001010,5,36,3,24,13,29,45,44
348,20001017,39,22,40,28,20,3,24,27
349,20001024,14,29,6,8,3,16,5,11
350,20001031,12,35,27,11,13,18,34,40
351,20001107,37,33,7,28,31,13,39,45
352,20001114,16,33,40,27,28,36,4,23
353,20001121,19,30,27,24,10,29,18,20
354,20001128,34,43,45,11,21,13,29,6
355,20001205,29,19,44,7,8,40,22,13
356,20001212,38,42,7,20,40,29,14,24
357,20001219,35,39,5,3,44,12,17,40
358,20001226,25,42,39,28,6,11,20,29
359,20010102,17,24,38,1,23,19,25,15
360,20010109,23,22,18,12,8,9,29,43
361,20010116,7,10,24,44,15,36,33,8
362,20010123,19,8,40,37,6,10,3,22
363,20010130,37,39,5,14,23,30,10,13
364,20010206,35,33,23,20,45,11,31,25
365,20010213,28,29,22,34,42,25,27,5
366,20010220,27,44,17,30,43,18,38,34
367,20010227,12,43,14,24,5,20,31,35
368,20010306,38,6,31,2,22,11,34,44
369,20010313,34,20,26,16,23,37,28,45
370,20010320,6,8,19,30,44,40,16,11
371,20010327,21,4,33,44,41,37,38,28
372,20010403,14,44,29,32,22,11,45,31
373,20010410,15,16,9,8,41,18,2,25
374,20010417,28,11,21,31,4,24,10,39
375,20010424,14,42,33,8,31,34,15,23
376,20010501,24,22,14,31,23,20,4,42
377,20010508,24,10,6,1,18,20,27,2
378,20010515,12,27,1,22,30,16,34,32
379,20010522,31,20,25,42,24,37,10,6
380,20010529,37,9,20,32,12,33,43,19
381,20010605,34,5,37,25,29,36,15,26
382,20010612,41,10,32,43,21,11,29,12
383,20010619,17,30,22,9,35,45,19,12
384,20010626,9,30,24,40,32,17,36,34
385,20010703,35,31,43,12,6,36,40,23
386,20010710,9,18,15,27,6,1,43,10
387,20010717,43,41,31,11,38,40,44,7
388,20010724,34,2,40,11,38,24,4,14
389,20010731,5,21,35,31,12,19,44,42
390,20010807,30,43,29,26,23,4,38,45
391,20010814,8,18,14,38,37,17,12,30
392,20010821,24,44,45,14,15,23,1,31
393,20010828,44,2,38,36,31,45,42,18
394,20010904,35,3,1,36,7,31,22,14
395,20010911,39,43,3,22,18,5,9,11
396,20010918,21,16,4,6,3,42,26,15
397,20010925,33,35,21,6,20,17,43,36
398,20011002,33,25,39,19,44,20,29,24
399,20011009,38,14,44,7,21,43,4,39
400,20011016,32,12,18,3,38,13,25,31
401,20011023,32,9,22,31,30,43,14,41
402,20011030,17,30,25,2,7,6,37,28
403,20011106,3,19,24,16,33,43,45,30
404,20011113,7,10,36,1,24,4,25,39
405,20011120,17,34,4,12,35,7,29,40
406,20011127,43,8,19,20,35,14,25,17
407,20011204,23,11,13,16,10,43,32,7
408,20011211,43,40,41,25,31,26,23,7
409,20011218,16,2,25,7,41,43,38,21
410,20011225,5,41,40,1,8,36,11,6
411,20020101,32,36,6,18,13,31,22,42
412,20020108,35,41,34,32,6,17,9,13
413,20020115,9,37,21,20,32,27,13,23
414,20020122,18,9,3,41,8,11,10,44
415,20020129,34,45,2,7,41,42,10,33
416,20020205,28,43,17,22,2,32,29,11
417,20020212,20,33,1,28,38,24,22,32
418,20020219,15,11,23,7,38,39,28,9
419,20020226,42,22,29,36,6,21,16,45
420,20020305,40,41,36,37,3,12,23,39
421,20020312,15,31,44,43,37,29,21,6
422,20020319,34,44,14,3,38,18,13,32
423,20020326,22,34,10,5,2,9,1,14
424,20020402,44,7,19,12,17,9,35,6
425,20020409,29,18,26,27,1,5,22,36
426,20020416,33,39,5,4,13,11,28,32
427,20020423,6,45,25,21,7,13,40,10
428,20020430,32,27,14,21,39,1,4,42
429,20020507,45,40,14,29,25,22,18,13
430,20020514,1,17,43,41,23,6,33,30
431,20020521,28,4,29,26,27,6,16,14
432,20020528,2,11,10,45,18,34,27,29
433,20020604,20,28,15,18,43,27,26,3
434,20020611,17,11,35,7,23,26,39,33
435,20020618,2,27,16,22,11,3,12,43
436,20020625,33,1,27,16,38,29,21,28
437,20020702,10,11,2,43,4,42,27,25
438,20020709,39,43,8,20,38,29,13,16
439,20020716,13,37,38,28,19,12,9,27
440,20020723,27,42,40,30,6,10,24,44
441,20020730,12,20,26,36,27,34,16,7
442,20020806,12,39,14,20,26,3,11,24
443,20020813,38,4,43,45,27,2,12,44
444,20020820,14,25,24,32,35,30,26,2
445,20020827,11,18,14,36,29,27,21,20
446,20020903,40,35,37,4,33,28,41,15
447,20020910,19,3,1,38,16,4,15,2
448,20020917,11,44,24,22,5,3,37,29
449,20020924,32,42,37,16,17,33,29,6
450,20021001,17,27,39,36,13,3,20,15
451,20021008,33,20,13,1,10,28,24,35
452,20021015,35,25,39,33,27,43,45,6
453,20021022,37,15,24,29,13,45,14,19
454,20021029,11,34,3,21,16,17,6,10
455,20021105,9,33,5,28,43,39,24,3
456,20021112,26,11,16,34,27,12,9,33
457,20021119,3,17,39,16,35,22,43,13
458,20021126,12,38,31,32,18,1,35,11
459,20021203,30,29,9,32,35,8,1,33
460,20021210,17,10,4,40,34,22,43,6
461,20021217,26,4,37,39,34,14,3,38
462,20021224,2,5,40,13,42,29,28,39
463,20021231,10,5,19,9,27,33,30,37
464,20030107,22,29,44,33,40,3,34,26
465,20030114,29,27,40,36,35,41,32,45
466,20030121,1,42,2,11,3,32,13,28
467,20030128,14,4,29,34,22,16,23,32
468,20030204,42,21,12,6,24,36,23,17
469,20030211,45,11,9,4,8,3,23,26
470,20030218,45,38,8,15,39,27,32,5
471,20030225,7,30,44,31,42,10,8,29
472,20030304,1,17,15,9,24,26,44,4
473,20030311,36,2,20,21,44,37,29,1
474,20030318,13,16,28,14,5,22,10,4
475,20030325,31,21,32,7,40,20,30,22
476,20030401,26,20,37,11,21,24,13,30
477,20030408,9,5,40,33,20,36,15,14
478,20030415,34,32,38,8,20,40,5,39
479,20030422,7,2,8,17,30,39,38,24
480,20030429,24,45,35,2,43,40,22,31
481,20030506,17,7,21,37,32,23,13,16
482,20030513,40,43,4,35,23,36,19,39
483,20030520,22,19,20,45,10,11,32,9
484,20030527,20,28,18,24,21,12,32,36
485,20030603,13,40,12,7,16,22,5,26
486,20030610,37,1,7,16,2,10,19,27
487,20030617,32,3,4,35,12,16,42,23
488,20030624,29,22,25,32,2,37,20,4
489,20030701,42,4,27,38,11,14,43,23
490,20030708,27,1,25,19,17,8,42,33
491,20030715,43,31,15,6,45,38,10,21
492,20030722,25,39,21,35,38,41,30,12
493,20030729,15,40,23,33,34,36,6,32
494,20030805,12,27,25,10,40,36,20,42
495,20030812,27,29,23,28,12,10,5,17
496,20030819,39,19,37,44,27,15,32,16
497,20030826,22,3,16,43,35,27,41,20
498,20030902,32,12,42,40,30,22,31,45
499,20030909,14,44,20,31,1,39,17,36
500,20030916,10,6,27,26,29,41,34,39
501,20030923,44,29,43,16,27,7,38,4
502,20030930,24,36,43,9,23,45,37,25
503,20031007,17,36,12,44,4,24,16,10
504,20031014,29,34,27,16,23,15,40,1
505,20031021,1,11,29,20,43,9,28,30
506,20031028,32,6,40,31,34,18,25,15
507,20031104,21,22,43,33,42,14,44,40
508,20031111,22,40,12,45,36,44,29,14
509,20031118,38,33,16,7,43,15,28,32
510,20031125,35,6,32,12,17,16,4,40
511,20031202,36,32,25,16,34,28,44,4
512,20031209,45,29,10,14,15,31,35,12
513,20031216,14,20,12,32,1,22,45,42
514,20031223,40,1,15,43,30,7,34,28
515,20031230,25,20,39,44,28,35,16,33
516,20040106,25,43,45,38,17,10,9,30
517,20040113,25,29,2,42,5,36,8,11
518,20040120,13,3,23,29,12,30,37,18
519,20040127,16,38,26,7,25,21,43,24
520,20040203,22,12,37,32,7,26,24,33
521,20040210,43,41,19,29,37,10,11,26
522,20040217,40,44,34,4,36,37,35,1
523,20040224,26,24,10,11,23,39,13,28
524,20040302,22,42,3,31,9,1,4,10
525,20040309,8,44,29,11,23,14,2,42
526,20040316,27,10,28,18,40,17,29,5
527,20040323,29,8,12,13,44,4,19,23
528,20040330,21,4,42,33,43,13,19,14
529,20040406,37,23,15,11,19,41,8,1
530,20040413,27,11,15,18,30,14,39,6
531,20040420,12,36,39,5,23,14,22,16
532,20040427,45,4,21,22,38,13,26,11
533,20040504,32,25,20,7,12,11,26,33
534,20040511,43,40,5,17,36,45,3,26
535,20040518,17,36,21,29,15,45,19,40
536,20040525,24,13,32,37,38,19,30,17
537,20040601,27,16,36,26,34,12,32,9
538,20040608,30,35,2,13,18,7,14,24
539,20040615,34,11,41,28,32,6,42,33
540,20040622,18,25,7,39,8,22,14,36
541,20040629,7,45,6,10,44,2,36,28
542,20040706,12,38,18,26,35,25,30,34
543,20040713,23,34,44,38,28,13,35,10
544,20040720,45,18,23,9,44,10,2,32
545,20040727,27,13,42,41,29,40,6,12
546,20040803,8,21,5,4,7,14,13,25
547,20040810,40,32,14,3,8,42,45,36
548,20040817,18,12,22,7,19,16,42,21
549,20040824,45,19,35,4,13,34,6,18
550,20040831,37,41,33,17,35,9,20,5
551,20040907,21,28,35,30,38,9,32,12
552,20040914,31,19,23,37,21,16,25,11
553,20040921,39,13,12,27,43,19,17,24
554,20040928,45,7,19,6,36,31,17,44
555,20041005,27,44,25,36,15,14,35,31
556,20041012,25,34,19,23,39,21,20,2
557,20041019,4,15,8,20,9,26,31,14
558,20041026,32,6,12,7,33,29,21,19
559,20041102,29,16,39,32,44,4,35,26
560,20041109,30,27,22,1,23,37,39,25
561,20041116,29,36,1,12,3,24,33,39
562,20041123,5,10,40,32,38,16,27,42
563,20041130,17,33,3,35,40,20,44,43
564,20041207,41,35,39,40,15,9,2,4
565,20041214,11,14,25,31,9,38,39,28
566,20041221,29,43,23,8,36,26,19,6
567,20041228,43,29,34,32,12,14,13,22
568,20050104,23,15,17,25,11,2,43,45
569,20050111,36,34,14,27,35,23,29,39
570,20050118,36,1,13,39,34,38,28,14
571,20050125,41,28,8,4,25,40,43,14
572,20050201,8,15,23,21,18,41,40,2
573,20050208,21,23,13,29,37,38,4,26
574,20050215,1,42,41,31,19,16,22,18
575,20050222,21,7,41,30,27,25,15,33
576,20050301,41,32,20,45,35,15,22,40
577,20050308,7,4,38,25,5,34,6,30
578,20050315,8,40,28,42,31,41,13,10
579,20050322,32,22,6,39,17,13,30,37
580,20050329,29,8,36,32,5,12,23,20
581,20050405,37,41,15,6,1,23,36,33
582,20050412,30,13,36,3,2,14,42,23
583,20050419,20,16,35,15,27,2,43,31
584,20050426,25,45,1,38,19,37,43,20
585,20050503,3,23,29,37,43,7,5,27
586,20050510,22,8,2,10,44,11,7,43
587,20050517,21,10,34,17,30,38,26,20
588,20050524,19,24,40,41,38,17,37,42
589,20050531,27,22,7,20,2,26,41,39
590,20050607,16,45,11,7,30,3,34,44
591,20050614,38,30,33,10,7,13,26,23
592,20050621,6,1,35,24,40,28,36,30
593,20050628,16,32,15,11,7,33,45,3
594,20050705,41,10,14,6,7,33,24,11
595,20050712,41,15,39,42,31,20,4,26
596,20050719,9,25,27,12,2,38,14,40
597,20050726,41,28,31,40,36,9,17,4
598,20050802,28,32,3,14,23,36,5,40
599,20050809,40,27,44,37,3,18,10,35
600,20050816,34,23,11,1,19,17,25,18
601,20050823,6,2,9,40,44,29,23,8
602,20050830,40,42,13,3,29,35,36,37
603,20050906,25,18,20,26,4,2,33,14
604,20050913,39,6,22,1,20,4,30,45
605,20050920,21,19,31,6,22,25,5,35
606,20050927,15,23,19,30,40,28,37,22
607,20051004,16,11,41,7,4,19,20,44
608,20051011,26,22,42,27,15,44,35,33
609,20051018,39,9,12,30,33,45,5,7,19
610,20051025,42,7,36,23,39,29,16,19,43
611,20051101,24,34,17,3,11,1,43,39,4
612,20051108,22,33,18,12,45,43,28,23,13
613,20051115,13,17,30,7,32,41,10,20,14
614,20051122,45,23,5,4,33,1,29,39,40
615,20051129,39,35,31,4,26,23,41,11,13
616,20051206,41,26,28,33,3,6,32,40,1
617,20051213,15,41,17,10,4,26,30,9,29
618,20051220,14,29,9,23,18,19,5,8,37
619,20051227,35,12,17,2,40,31,39,33,13
620,20060103,12,44,1,40,29,6,22,34,4
621,20060110,41,26,36,4,2,38,11,19,20
622,20060117,27,16,28,44,25,37,23,19,22
623,20060124,22,23,3,20,37,8,41,21,28
624,20060131,20,14,17,8,3,21,2,38,7
625,20060207,5,32,26,4,30,23,28,11,21
626,20060214,13,5,1,21,11,3,35,37,44
627,20060221,17,33,6,41,27,45,25,1,9
628,20060228,21,25,34,2,18,3,5,17,32
629,20060307,43,9,1,8,45,20,7,24,30
630,20060314,45,14,4,33,19,20,3,12,34
631,20060321,22,23,27,13,39,21,32,35,10
632,20060328,25,15,4,6,20,28,23,8,1
633,20060404,20,38,27,32,19,45,22,39,15
634,20060411,1,10,6,19,9,29,8,3,14
635,20060418,4,25,10,16,19,22,8,15,20
636,20060425,1,9,33,2,24,26,5,13,40
637,20060502,44,30,13,41,25,31,24,19,35
638,20060509,44,35,37,26,12,39,4,41,6
639,20060516,3,12,17,23,15,9,29,19,22
640,20060523,23,34,27,17,40,32,2,3,25
641,20060530,43,24,33,26,2,1,20,29,30
642,20060606,16,23,35,26,29,33,20,7,11
643,20060613,11,3,17,28,14,12,40,8,1
644,20060620,40,19,25,2,11,43,13,1,4
645,20060627,29,22,32,43,8,16,26,27,7
646,20060704,13,35,16,44,37,23,27,17,8
647,20060711,43,2,36,8,42,10,28,40,13
648,20060718,16,2,36,45,3,34,42,37,38
649,20060725,33,37,27,16,13,45,5,41,18
650,20060801,8,38,42,34,12,44,26,40,37
651,20060808,27,4,24,35,20,31,29,16,25
652,20060815,12,17,41,16,25,40,38,30,13
653,20060822,39,41,44,17,19,22,43,23,29
654,20060829,39,42,38,11,43,14,15,40,44
655,20060905,20,17,22,23,15,45,39,12,8
656,20060912,2,6,30,9,28,37,32,12,10
657,20060919,5,34,2,21,43,3,15,17,11
658,20060926,36,3,33,6,38,44,37,15,41
659,20061003,18,43,24,33,34,23,8,32,25
660,20061010,25,17,21,38,8,31,2,12,3
661,20061017,32,11,45,22,42,33,37,24,41
662,20061024,3,31,14,41,32,9,5,16,43
663,20061031,33,6,25,3,37,43,21,4,29
664,20061107,9,6,30,38,16,7,31,44,34
665,20061114,36,18,4,2,43,29,9,20,1
666,20061121,11,12,39,24,29,6,36,35,20
667,20061128,14,41,7,16,23,8,24,21,26
668,20061205,39,6,34,4,13,23,32,22,15
669,20061212,18,37,10,27,6,20,33,25,17
670,20061219,38,24,10,19,7,12,27,18,26
671,20061226,32,35,36,17,27,39,23,44,41
672,20070102,35,24,42,45,13,31,26,5,32
673,20070109,22,2,29,20,33,44,16,13,8
674,20070116,32,40,2,34,26,1,21,35,30
675,20070123,23,18,28,29,19,38,8,27,24
676,20070130,25,2,1,18,37,6,19,26,45
677,20070206,14,40,43,3,28,36,19,27,12
678,20070213,18,19,39,29,37,28,33,4,32
679,20070220,6,22,9,38,3,44,11,18,30
680,20070227,38,43,5,26,3,25,27,42,45
681,20070306,35,17,39,1,33,4,2,45,6
682,20070313,10,40,13,41,32,39,3,27,12
683,20070320,37,17,24,30,14,34,10,26,40
684,20070327,31,7,38,13,4,25,43,35,40
685,20070403,26,44,4,12,35,33,31,1,14
686,20070410,39,25,17,4,5,34,43,22,23
687,20070417,5,45,40,42,7,4,17,2,29
688,20070424,20,2,1,44,18,33,13,31,29
689,20070501,23,45,20,27,32,41,8,21,28
690,20070508,24,11,28,9,34,33,22,19,20
691,20070515,41,14,32,23,31,6,1,21,38
692,20070522,20,7,8,5,32,15,41,42,36
693,20070529,37,44,15,6,16,14,35,4,26
694,20070605,11,6,25,39,44,14,34,15,13
695,20070612,36,2,25,3,26,1,35,37,8
696,20070619,17,8,43,45,25,12,1,27,6
697,20070626,10,34,40,30,35,43,27,44,25
698,20070703,41,42,26,20,12,40,15,3,5
699,20070710,45,32,3,24,15,29,37,27,9
700,20070717,16,29,37,13,41,11,42,20,25
701,20070724,11,23,14,6,17,45,38,33,25
702,20070731,11,15,16,9,3,33,5,36,31
703,20070807,4,33,27,15,14,1,26,28,5
704,20070814,2,18,19,1,21,28,8,26,31
705,20070821,13,24,37,26,17,12,27,7,6
706,20070828,31,28,9,22,16,18,43,40,32
707,20070904,40,26,30,34,11,10,2,14,19
708,20070911,27,36,14,37,42,25,7,13,20
709,20070918,11,39,23,28,36,19,32,16,31
710,20070925,32,8,2,39,22,10,4,18,34
711,20071002,13,35,43,26,20,38,32,7,25
712,20071009,38,16,34,9,41,44,4,3,35
713,20071016,3,4,6,31,37,32,2,16,35
714,20071023,6,1,38,12,33,27,29,21,42
715,20071030,18,10,29,27,12,22,17,31,35
716,20071106,30,18,31,14,40,42,37,25,7
717,20071113,18,35,3,30,36,2,39,13,10
718,20071120,15,31,8,3,40,20,19,23,5
719,20071127,9,12,23,6,32,21,42,28,13
720,20071204,18,8,28,29,39,35,13,27,3
721,20071211,38,26,36,20,9,15,44,28,34
722,20071218,23,45,22,42,9,29,28,3,39
723,20071225,26,39,9,34,8,37,32,31,21
724,20080101,18,37,10,13,17,5,21,27,43
725,20080108,21,31,11,10,29,14,12,26,33
726,20080115,13,7,38,5,16,14,18,26,23
727,20080122,19,21,15,22,26,39,45,18,37
728,20080129,33,20,7,32,39,2,30,9,13
729,20080205,12,25,29,2,4,5,10,39,15
730,20080212,29,3,41,21,28,13,5,38,42
731,20080219,33,19,11,3,23,21,24,42,29
732,20080226,5,11,16,25,17,6,44,7,15
733,20080304,33,32,16,13,6,4,15,7,24
734,20080311,36,2,23,37,19,35,5,43,21
735,20080318,15,45,39,7,11,25,38,32,26
736,20080325,17,26,28,25,33,42,24,44,40
737,20080401,3,15,18,40,28,13,14,42,12
738,20080408,5,9,38,30,14,16,13,39,12
739,20080415,33,34,30,14,24,12,6,35,32
740,20080422,33,17,19,27,35,28,34,36,10
741,20080429,11,6,16,2,23,13,40,15,3
742,20080506,40,29,22,17,18,7,8,43,11
743,20080513,27,24,16,25,32,17,13,20,5
744,20080520,11,27,31,30,3,1,4,10,23
745,20080527,25,28,16,26,10,8,14,33,44
746,20080603,33,39,16,17,7,3,28,43,10
747,20080610,40,7,15,34,35,29,14,3,38
748,20080617,10,34,7,27,35,25,40,42,8
749,20080624,9,45,39,31,30,14,16,41,22
750,20080701,38,24,43,35,14,20,28,21,8
751,20080708,35,4,22,18,31,30,10,3,45
752,20080715,28,5,4,1,12,44,15,2,38
753,20080722,40,33,5,44,16,17,3,31,7
754,20080729,37,20,18,8,35,11,31,21,42
755,20080805,11,44,29,34,17,33,45,40,7
756,20080812,27,42,25,7,45,30,19,13,24
757,20080819,17,9,42,5,10,43,25,11,4
758,20080826,23,27,43,25,37,45,13,44,18
759,20080902,15,39,28,25,17,10,31,19,30
760,20080909,28,41,36,31,15,39,42,8,9
761,20080916,3,1,24,22,26,44,19,45,41
762,20080923,1,37,43,45,34,19,9,25,28
763,20080930,42,36,12,1,6,29,15,26,10
764,20081007,8,10,15,17,39,40,14,11,22
765,20081014,17,2,6,26,11,22,45,24,20
766,20081021,11,21,1,27,43,45,13,23,35
767,20081028,20,27,12,2,37,16,11,29,5
768,20081104,29,5,23,34,35,21,42,13,4
769,20081111,43,12,5,34,19,15,2,32,3
770,20081118,5,30,2,19,37,11,28,14,13
771,20081125,14,5,19,27,29,30,35,20,37
772,20081202,18,36,7,40,30,9,12,11,39
773,20081209,1,17,7,24,26,12,34,33,13
774,20081216,18,2,40,30,20,31,27,11,35
775,20081223,28,5,39,31,45,33,35,32,9
776,20081230,4,9,19,21,17,10,28,2,12
777,20090106,45,32,27,10,30,37,5,44,35
778,20090113,3,38,16,40,41,43,1,9,33
779,20090120,15,45,23,8,37,27,35,22,16
780,20090127,45,3,21,28,24,34,31,12,42
781,20090203,8,24,32,5,35,7,17,12,42
782,20090210,5,1,16,23,29,18,44,33,38
783,20090217,2,20,4,23,45,41,30,35,6
784,20090224,41,13,30,2,45,28,34,3,9
785,20090303,8,29,11,33,3,35,26,6,12
786,20090310,24,38,29,16,14,13,28,26,9
787,20090317,32,6,16,23,27,25,37,40,26
788,20090324,37,4,16,27,17,33,35,20,10
789,20090331,5,13,44,8,41,15,35,3,17
790,20090407,12,26,13,7,35,21,41,6,25
791,20090414,33,11,27,20,5,28,1,38,34
792,20090421,43,21,22,18,16,20,32,40,9
793,20090428,24,43,21,25,1,13,36,33,6
794,20090505,12,31,6,42,24,10,20,11,26
795,20090512,7,2,32,25,28,40,35,16,21
796,20090519,11,22,18,17,25,21,12,28,35
797,20090526,19,5,20,41,44,18,43,40,39
798,20090602,3,45,32,43,22,20,33,6,34
799,20090609,19,44,34,28,30,40,3,27,16
800,20090616,29,24,7,32,41,1,22,36,17
801,20090623,31,23,40,9,15,21,18,3,19
802,20090630,12,3,38,21,23,29,40,43,22
803,20090707,8,35,31,1,34,26,44,42,19
804,20090714,33,19,9,34,8,27,2,18,40
805,20090721,44,1,7,34,16,12,4,43,6
806,20090728,35,11,43,15,3,10,6,29,13
807,20090804,22,39,25,2,13,42,11,41,12
808,20090811,43,8,6,17,40,29,41,4,9
809,20090818,19,41,20,34,36,24,16,28,44
810,20090825,17,41,24,16,39,5,11,22,30
811,20090901,45,16,37,42,28,9,29,33,44
812,20090908,3,2,21,20,24,7,35,1,19
813,20090915,35,27,15,7,19,43,13,36,6
814,20090922,24,19,18,26,20,7,21,23,44
815,20090929,12,27,36,35,7,28,25,24,37
816,20091006,28,34,45,22,17,5,12,18,27
817,20091013,10,27,44,39,14,26,30,7,15
818,20091020,25,36,24,27,38,32,6,26,23
819,20091027,42,45,20,4,43,7,25,27,37
820,20091103,15,4,7,2,36,17,6,25,9
821,20091110,1,24,16,31,36,25,35,21,28
822,20091117,27,4,33,6,34,25,31,19,41
823,20091124,7,31,22,36,39,24,23,34,9
824,20091201,10,2,24,8,27,28,18,25,36
825,20091208,35,42,7,34,11,29,45,3,4
826,20091215,29,7,22,37,12,28,32,34,36
827,20091222,44,2,1,45,20,35,36,26,6
828,20091229,22,12,13,6,28,27,33,23,16
829,20100105,11,26,39,3,35,10,6,25,32
830,20100112,18,40,31,37,33,23,14,22,42
831,20100119,38,18,7,33,37,20,40,30,14
832,20100126,21,17,37,44,32,40,38,1,36
833,20100202,28,32,38,19,29,22,34,17,5
834,20100209,42,44,5,18,24,23,28,32,15
835,20100216,21,44,26,20,19,37,1,39,4
836,20100223,22,34,17,14,35,2,8,23,10
837,20100302,2,1,24,26,19,43,37,18,31
838,20100309,8,43,44,25,42,45,39,5,26
839,20100316,27,2,31,3,38,37,13,12,36
840,20100323,6,9,44,26,23,14,30,40,24
841,20100330,40,39,28,29,25,2,35,31,14
842,20100406,41,15,2,43,36,11,39,25,42
843,20100413,19,21,20,22,17,33,23,26,32
844,20100420,30,39,9,11,44,17,1,13,15
845,20100427,4,12,42,22,18,3,6,35,37
846,20100504,28,19,18,14,5,20,16,36,34
847,20100511,15,27,45,7,13,18,10,3,29
848,20100518,27,13,18,38,42,33,22,29,40
849,20100525,44,15,28,36,25,24,37,26,7
850,20100601,16,6,18,30,40,15,14,20,23
851,20100608,43,15,5,26,21,40,35,12,37
852,20100615,32,8,15,29,10,38,18,3,39
853,20100622,29,3,41,14,23,6,2,10,35
854,20100629,1,34,21,31,17,22,45,7,40
855,20100706,19,9,30,45,40,34,29,6,33
856,20100713,16,27,39,6,31,13,23,1,45
857,20100720,5,6,23,7,13,3,34,2,19
858,20100727,40,30,26,1,19,12,8,6,28
859,20100803,41,19,27,3,15,40,31,28,45
860,20100810,11,16,28,25,22,21,41,39,14
861,20100817,44,30,15,2,17,3,23,5,14
862,20100824,2,33,12,19,4,44,17,20,5
863,20100831,16,40,8,13,30,33,23,24,3
864,20100907,40,27,28,34,8,44,3,6,23
865,20100914,25,34,41,18,24,29,23,38,37
866,20100921,16,38,9,8,44,35,39,17,40
867,20100928,33,32,15,26,40,6,25,14,42
868,20101005,27,8,23,26,3,41,29,1,13
869,20101012,22,37,38,4,1,40,7,9,42
870,20101019,13,35,8,27,45,38,19,44,23
871,20101026,36,20,32,8,40,6,44,28,1
872,20101102,32,14,30,43,23,38,11,19,12
873,20101109,25,4,10,35,27,39,36,6,16
874,20101116,12,33,38,36,28,43,26,14,11
875,20101123,5,20,22,43,45,7,2,14,24
876,20101130,26,7,8,22,39,25,20,40,38
877,20101207,1,19,40,23,36,27,25,7,24
878,20101214,28,22,38,12,34,33,5,40,13
879,20101221,26,13,38,8,35,42,7,16,2
880,20101228,35,6,37,22,43,36,14,20,10
881,20110104,3,4,45,40,24,33,39,20,13
882,20110111,34,28,27,33,9,12,17,14,20
883,20110118,38,19,2,36,14,21,4,35,8
884,20110125,28,17,30,41,5,16,34,26,9
885,20110201,23,33,37,34,27,38,11,14,4
886,20110208,41,18,14,26,30,15,23,43,5
887,20110215,29,20,7,11,32,37,41,33,9
888,20110222,39,26,5,18,2,16,28,15,31
889,20110301,38,8,20,33,12,16,14,43,41
890,20110308,20,7,13,28,16,36,29,6,45
891,20110315,26,15,25,8,41,28,16,24,35
892,20110322,44,16,13,37,39,10,15,24,40
893,20110329,41,17,25,24,27,3,34,43,45
894,20110405,18,42,24,45,43,21,40,10,44
895,20110412,41,5,13,40,9,18,29,19,14
896,20110419,35,11,20,43,19,9,45,27,37
897,20110426,44,29,42,36,22,25,41,21,16
898,20110503,36,42,45,34,19,10,40,8,7
899,20110510,12,35,34,17,15,30,37,4,5
900,20110517,11,10,14,33,39,29,26,42,21
901,20110524,24,7,21,40,9,15,25,3,38
902,20110531,25,33,4,36,45,41,43,19,21
903,20110607,17,15,28,8,41,9,7,6,25
904,20110614,4,15,13,26,21,3,1,14,27
905,20110621,19,15,16,31,42,17,37,39,44
906,20110628,28,16,23,20,35,3,27,33,17
907,20110705,20,29,28,34,40,6,33,21,8
908,20110712,8,21,7,16,35,24,27,33,5
909,20110719,27,24,5,34,20,9,8,7,23
910,20110726,41,21,10,27,35,45,23,39,37
911,20110802,42,2,4,20,29,27,25,32,17
912,20110809,33,39,29,27,14,6,26,23,30
913,20110816,5,24,25,18,22,39,41,16,6
914,20110823,9,12,39,26,18,27,7,8,30
915,20110830,41,4,22,16,28,8,34,13,20
916,20110906,20,2,27,44,16,5,40,22,31
917,20110913,31,24,38,37,6,20,18,21,8
918,20110920,4,17,29,1,27,19,22,8,28
919,20110927,15,26,32,34,21,40,23,37,22
920,20111004,9,2,19,42,1,36,25,5,6
921,20111011,39,32,8,25,12,6,44,41,10
922,20111018,45,6,10,43,16,15,36,44,9
923,20111025,29,33,16,36,34,35,3,14,31
924,20111101,23,17,44,25,31,5,12,19,13
925,20111108,3,6,1,18,34,21,15,12,28
926,20111115,9,6,22,20,28,8,7,29,39
927,20111122,11,25,5,21,16,10,37,39,12
928,20111129,34,12,9,15,6,33,5,1,4
929,20111206,8,2,29,33,30,24,12,17,11
930,20111213,18,45,21,25,11,29,42,23,40
931,20111220,40,8,36,29,7,9,21,32,10
932,20111227,9,20,12,6,38,35,18,13,41
933,20120103,22,35,42,1,31,39,34,6,43
934,20120110,6,44,37,5,39,8,7,33,40
935,20120117,31,11,5,7,13,32,2,27,21
936,20120124,40,29,27,13,44,12,10,15,18
937,20120131,12,39,9,14,32,1,18,25,11
938,20120207,33,5,1,20,25,39,21,29,41
939,20120214,7,10,27,31,43,23,25,20,34
940,20120221,13,19,41,31,45,6,14,9,28
941,20120228,30,8,43,12,17,5,28,25,31
942,20120306,21,41,32,5,15,29,7,37,36
943,20120313,23,26,3,42,32,33,29,13,36
944,20120320,23,3,15,34,40,5,22,26,2
945,20120327,17,11,24,15,3,18,39,34,23
946,20120403,21,36,7,10,44,19,27,2,8
947,20120410,36,35,45,42,15,22,6,10,23
948,20120417,21,38,24,40,35,9,27,30,39
949,20120424,27,45,19,16,6,11,4,13,43
950,20120501,6,2,37,34,36,25,29,3,8
951,20120508,17,8,28,34,41,42,6,4,19
952,20120515,45,38,10,14,7,19,17,20,25
953,20120522,14,6,45,22,33,12,38,19,13
954,20120529,35,11,45,37,3,43,29,5,24
955,20120605,37,12,1,44,34,33,30,27,38
956,20120612,10,8,42,26,45,33,7,30,37
957,20120619,16,4,1,2,31,39,10,18,21
958,20120626,7,11,19,17,25,43,1,14,21
959,20120703,32,34,21,28,19,24,45,16,18
960,20120710,20,19,37,40,1,9,4,7,24
961,20120717,32,34,20,3,17,4,16,38,41
962,20120724,31,20,40,36,6,29,43,17,2
963,20120731,14,20,1,17,19,8,5,18,2
964,20120807,4,15,38,19,28,3,44,42,25
965,20120814,42,14,19,7,28,4,18,27,40
966,20120821,5,35,18,33,36,32,44,4,39
967,20120828,35,42,26,39,28,25,12,18,5
968,20120904,34,6,32,18,44,20,33,2,23
969,20120911,26,9,20,10,1,12,32,19,17
970,20120918,12,17,11,6,14,16,7,10,39
971,20120925,40,45,15,35,5,44,29,12,36
972,20121002,28,33,2,15,11,13,41,17,16
973,20121009,12,15,1,22,33,4,43,45,30
974,20121016,45,16,5,4,23,44,8,36,24
975,20121023,21,27,41,14,16,2,25,43,32
976,20121030,26,21,31,4,8,5,16,41,32
977,20121106,29,43,8,7,15,2,13,21,20
978,20121113,8,12,3,37,7,17,39,32,23
979,20121120,19,24,39,34,26,43,44,31,5
980,20121127,9,13,33,22,16,34,1,4,5
981,20121204,1,3,21,31,7,14,24,10,34
982,20121211,25,12,21,3,15,5,30,32,20
983,20121218,36,19,15,43,12,41,22,38,1
984,20121225,28,16,2,32,15,20,5,10,24
985,20130101,39,25,19,28,42,8,30,44,43
986,20130108,13,40,35,30,39,1,15,33,25
987,20130115,28,17,21,44,34,36,7,31,25
988,20130122,30,1,27,14,39,28,24,17,8
989,20130129,39,36,6,22,38,19,34,40,17
990,20130205,19,27,45,42,30,37,17,8,18
991,20130212,43,5,16,3,42,2,28,27,39
992,20130219,1,27,41,20,2,18,35,22,28
993,20130226,10,8,18,7,34,12,23,35,26
994,20130305,27,3,5,26,2,44,11,19,45
995,20130312,3,38,21,10,28,40,8,19,42
996,20130319,11,1,37,33,40,26,7,27,2
997,20130326,44,14,25,43,19,21,18,20,12
998,20130402,35,17,12,44,42,40,7,36,30
999,20130409,8,6,32,23,45,3,36,21,15
1000,20130416,40,24,4,7,16,22,37,43,20
1001,20130423,41,35,19,12,27,39,7,8,21
1002,20130430,12,39,27,44,26,6,32,14,41
1003,20130507,31,44,35,28,16,24,18,4,20
1004,20130514,13,9,1,12,26,22,41,34,39
1005,20130521,3,43,19,23,2,41,39,11,33
1006,20130528,1,25,30,31,26,14,35,18,27
1007,20130604,18,17,41,22,26,2,5,10,40
1008,20130611,3,6,26,29,38,24,25,30,19
1009,20130618,31,20,9,40,1,35,29,44,27
1010,20130625,4,20,17,10,16,41,7,5,36
1011,20130702,45,13,38,42,31,20,15,35,18
1012,20130709,1,41,2,17,13,11,7,40,33
1013,20130716,42,33,9,6,2,43,36,21,35
1014,20130723,34,41,8,40,28,31,37,39,42
1015,20130730,7,29,39,21,16,3,13,9,43
1016,20130806,27,30,33,16,25,29,37,21,3
1017,20130813,1,31,11,14,43,30,33,27,15
1018,20130820,17,26,38,7,36,45,9,44,41
1019,20130827,7,31,19,28,18,33,37,10,21
1020,20130903,26,31,8,22,23,28,18,34,7
1021,20130910,21,20,29,40,12,37,18,13,8
1022,20130917,27,8,41,31,24,9,44,13,38
1023,20130924,20,43,10,33,14,42,37,9,40
1024,20131001,36,42,1,27,8,11,12,13,9
1025,20131008,32,45,38,24,5,39,28,29,30
1026,20131015,2,10,39,22,18,5,36,1,11
1027,20131022,7,21,15,42,24,28,20,8,40
1028,20131029,45,43,32,39,29,7,13,36,16
1029,20131105,17,45,10,37,18,3,6,25,19
1030,20131112,6,36,5,38,8,29,30,43,16
1031,20131119,44,7,37,9,30,42,19,11,33
1032,20131126,31,26,12,24,40,6,5,11,43
1033,20131203,21,33,20,23,40,2,19,18,44
1034,20131210,35,20,38,11,42,9,43,32,8
1035,20131217,26,24,20,17,34,39,36,22,23
1036,20131224,4,6,36,22,24,42,33,7,16
1037,20131231,13,41,4,9,36,14,7,43,44
1038,20140107,28,17,19,14,21,20,29,1,45
1039,20140114,40,22,45,21,36,44,24,4,38
1040,20140121,31,23,7,42,1,29,16,30,15
1041,20140128,4,25,31,26,14,36,22,30,12
1042,20140204,44,43,26,3,39,22,5,8,15
1043,20140211,28,38,22,36,7,15,20,26,21
1044,20140218,1,11,30,27,36,4,7,19,25
1045,20140225,20,38,34,21,3,16,37,6,13